ID,AdmLevel,Year,Source,Country,Region_code,Region,PopRural,Prod,Country_Prod_Sum,Country_Prod_FAOSTAT14,Prod_FAO14adj,Prod_PerCapita,Prod_PerCapita_FAO14Adj
1,1,2012,Agro-MAPS,Angola,AGO001,Bengo,337634,430691.83,10636399.81,7638880,309315.4888,1.275617473,0.916126601
2,1,2012,Agro-MAPS,Angola,AGO002,Benguela,1393577,331019.2,10636399.81,7638880,237732.3147,0.237532049,0.170591445
3,1,2012,Agro-MAPS,Angola,AGO003,Bie,1199208,332571.65,10636399.81,7638880,238847.2576,0.277326077,0.199170834
4,1,2012,Agro-MAPS,Angola,AGO004,Cabinda,308578,899655.67,10636399.81,7638880,646117.2791,2.915488693,2.093853998
5,1,2012,Agro-MAPS,Angola,AGO005,Cuando Cubango,454469,196487.51,10636399.81,7638880,141113.9612,0.432345242,0.310502941
6,1,2012,Agro-MAPS,Angola,AGO006,Cuanza Norte,408037,853707.2,10636399.81,7638880,613117.8756,2.092229871,1.502603626
7,1,2012,Agro-MAPS,Angola,AGO007,Cuanza Sul,1692413,698511.41,10636399.81,7638880,501658.9198,0.412731059,0.296416371
8,1,2012,Agro-MAPS,Angola,AGO008,Cunene,921774,32448.1,10636399.81,7638880,23303.66915,0.035201796,0.025281326
9,1,2012,Agro-MAPS,Angola,AGO009,Huambo,1544358,51296.31,10636399.81,7638880,36840.13045,0.033215297,0.023854657
10,1,2012,Agro-MAPS,Angola,AGO010,Huila,1806684,168360.8,10636399.81,7638880,120913.8403,0.093187741,0.066925838
11,1,2012,Agro-MAPS,Angola,AGO011,Luanda,1500628,15547.5,10636399.81,7638880,11165.94796,0.010360662,0.00744085
12,1,2012,Agro-MAPS,Angola,AGO012,Lunda Norte,682982,736321.9,10636399.81,7638880,528813.7656,1.078098544,0.774271892
13,1,2012,Agro-MAPS,Angola,AGO013,Lunda Sul,431646,807585.06,10636399.81,7638880,579993.7454,1.870942995,1.343679185
14,1,2012,Agro-MAPS,Angola,AGO014,Malanje,968034,1520154.35,10636399.81,7638880,1091748.794,1.570352229,1.12780005
15,1,2012,Agro-MAPS,Angola,AGO015,Moxico,694572,936528.84,10636399.81,7638880,672598.9576,1.348353864,0.96836463
16,1,2012,Agro-MAPS,Angola,AGO016,Namibe,176678,46529.03,10636399.81,7638880,33416.35168,0.263354973,0.189137027
17,1,2012,Agro-MAPS,Angola,AGO017,Uige,1342344,2135133.96,10636399.81,7638880,1533416.607,1.590601187,1.142342504
18,1,2012,Agro-MAPS,Angola,AGO018,Zaire,316401,443849.49,10636399.81,7638880,318765.0947,1.40280685,1.007471831
19,2,2009,Agro-MAPS,Benin,BEN001001,Banikoara,232522,2639.64,3366853.73,4066711,3188.333645,0.011352216,0.013711966
20,2,2009,Agro-MAPS,Benin,BEN001002,Gogounou,119877,3283.55,3366853.73,4066711,3966.091186,0.027390992,0.033084672
21,2,2009,Agro-MAPS,Benin,BEN001003,Kandi,141138,2443.57,3366853.73,4066711,2951.507192,0.017313339,0.020912208
22,2,2009,Agro-MAPS,Benin,BEN001004,Karimama,66862,1409.83,3366853.73,4066711,1702.886917,0.021085669,0.025468681
23,2,2009,Agro-MAPS,Benin,BEN001005,Malanville,133047,309.57,3366853.73,4066711,373.9193399,0.002326772,0.00281043
24,2,2009,Agro-MAPS,Benin,BEN001006,Segbana,90456,3978.62,3366853.73,4066711,4805.643196,0.043984036,0.053126859
25,2,2009,Agro-MAPS,Benin,BEN002001,Boukoumbe,84641,228,3366853.73,4066711,275.3936412,0.00269373,0.003253667
26,2,2009,Agro-MAPS,Benin,BEN002002,Kerou,100081,6825,3366853.73,4066711,8243.691232,0.068194762,0.082370192
27,2,2009,Agro-MAPS,Benin,BEN002003,Cobli,70227,1526,3366853.73,4066711,1843.204809,0.021729534,0.026246384
28,2,2009,Agro-MAPS,Benin,BEN002004,Kouande,113996,52881,3366853.73,4066711,63873.20675,0.463884698,0.560310947
29,2,2009,Agro-MAPS,Benin,BEN002005,Materi,114245,423,3366853.73,4066711,510.9276764,0.003702569,0.00447221
30,2,2009,Agro-MAPS,Benin,BEN002006,Natingou,84800,23370,3366853.73,4066711,28227.84822,0.275589623,0.332875569
31,2,2009,Agro-MAPS,Benin,BEN002007,Pehonko,79556,15075,3366853.73,4066711,18208.59272,0.189489165,0.22887768
32,2,2009,Agro-MAPS,Benin,BEN002008,Tanguieta,68974,1413,3366853.73,4066711,1706.715855,0.02048598,0.024744336
33,2,2009,Agro-MAPS,Benin,BEN002009,Tchoukoutouna,40697,31520,3366853.73,4066711,38071.96303,0.774504263,0.935498023
34,2,2009,Agro-MAPS,Benin,BEN003001,Abomey-Calavi,441824,117840,3366853.73,4066711,142335.0293,0.266712537,0.322153231
35,2,2009,Agro-MAPS,Benin,BEN003002,Allada,113772,117604,3366853.73,4066711,142049.9727,1.033681398,1.248549491
36,2,2009,Agro-MAPS,Benin,BEN003003,Kpomasse,68920,127328,3366853.73,4066711,153795.2699,1.847475334,2.231504207
37,2,2009,Agro-MAPS,Benin,BEN003004,Ouidah,61235,23749,3366853.73,4066711,28685.62976,0.387833755,0.468451535
38,2,2009,Agro-MAPS,Benin,BEN003005,So-Ava,48152,4944,3366853.73,4066711,5971.693693,0.102674863,0.124017563
39,2,2009,Agro-MAPS,Benin,BEN003006,Toffo,102706,210756,3366853.73,4066711,254565.1853,2.052032014,2.478581439
40,2,2009,Agro-MAPS,Benin,BEN003007,Tori-Bossito,58462,50340,3366853.73,4066711,60804.01709,0.861072149,1.040060502
41,2,2009,Agro-MAPS,Benin,BEN003008,Ze,108855,129058,3366853.73,4066711,155884.8796,1.185595517,1.432041519
42,2,2009,Agro-MAPS,Benin,BEN004001,Bembereke,127685,12230.44,3366853.73,4066711,14772.743,0.095786036,0.115696777
43,2,2009,Agro-MAPS,Benin,BEN004002,Kalale,172224,1150.57,3366853.73,4066711,1389.735358,0.00668066,0.008069348
44,2,2009,Agro-MAPS,Benin,BEN004003,Ndali,116688,40708.62,3366853.73,4066711,49170.5925,0.348867236,0.421385168
45,2,2009,Agro-MAPS,Benin,BEN004004,Nikki,135756,21283.02,3366853.73,4066711,25707.05427,0.156774065,0.189362196
46,2,2009,Agro-MAPS,Benin,BEN004005,Parakou,130044,21893.65,3366853.73,4066711,26444.614,0.16835571,0.203351281
47,2,2009,Agro-MAPS,Benin,BEN004006,Perere,80562,4094.73,3366853.73,4066711,4945.888615,0.050827065,0.061392327
48,2,2009,Agro-MAPS,Benin,BEN004007,Sinende,89947,8348.92,3366853.73,4066711,10084.38368,0.092820439,0.112114731
49,2,2009,Agro-MAPS,Benin,BEN004999,NA,203846,NA,3366853.73,4066711,NA,NA,2.171432007
50,2,2009,Agro-MAPS,Benin,BEN005001,Bante,103995,54481.63,3366853.73,4066711,65806.55466,0.523887014,0.632785756
51,2,2009,Agro-MAPS,Benin,BEN005002,Dassa,108886,83350,3366853.73,4066711,100675.7017,0.765479492,0.924597301
52,2,2009,Agro-MAPS,Benin,BEN005003,Glazoue,120534,146896.88,3366853.73,4066711,177431.8713,1.218717374,1.472048313
53,2,2009,Agro-MAPS,Benin,BEN005004,Ouesse,121226,429704.39,3366853.73,4066711,519025.6868,3.544655354,4.281471688
54,2,2009,Agro-MAPS,Benin,BEN005005,Savalou,149395,91975.56,3366853.73,4066711,111094.2297,0.615653536,0.743627495
55,2,2009,Agro-MAPS,Benin,BEN005006,Save,73413,14971.53,3366853.73,4066711,18083.61474,0.203935679,0.246327146
56,2,2009,Agro-MAPS,Benin,BEN006001,Aplahoue,155718,46167,3366853.73,4066711,55763.58874,0.296478249,0.358106248
57,2,2009,Agro-MAPS,Benin,BEN006002,Djakotome,125688,71926.12,3366853.73,4066711,86877.1758,0.572259245,0.69121297
58,2,2009,Agro-MAPS,Benin,BEN006003,Dogbo-Tota,78390,11249.64,3366853.73,4066711,13588.0672,0.143508611,0.173339293
59,2,2009,Agro-MAPS,Benin,BEN006004,Klouekanme,130812,20132.3,3366853.73,4066711,24317.13773,0.153902547,0.185893784
60,2,2009,Agro-MAPS,Benin,BEN006005,Lalo,121188,24025.48,3366853.73,4066711,29019.58078,0.198249662,0.239459194
61,2,2009,Agro-MAPS,Benin,BEN006006,Toviklin,89185,129672.46,3366853.73,4066711,156627.0654,1.453971632,1.756204131
62,2,2009,Agro-MAPS,Benin,BEN007003,Copargo,72552,19980,3366853.73,4066711,24133.17961,0.275388687,0.332632865
63,2,2009,Agro-MAPS,Benin,BEN007004,Ouake,75010,18000,3366853.73,4066711,21741.60325,0.239968004,0.289849397
64,2,2009,Agro-MAPS,Benin,BEN007997,NA,126421,NA,3366853.73,4066711,NA,NA,0.364787702
65,2,2009,Agro-MAPS,Benin,BEN007998,NA,132957,NA,3366853.73,4066711,NA,NA,0.364787702
66,2,2009,Agro-MAPS,Benin,BEN007999,NA,39684,NA,3366853.73,4066711,NA,NA,0.364787702
67,2,2009,Agro-MAPS,Benin,BEN008000,Cotonou,27331,NA,3366853.73,4066711,NA,NA,NA
68,2,2009,Agro-MAPS,Benin,BEN009001,Athieme,133048,21739,3366853.73,4066711,26257.81739,0.163392159,0.197355972
69,2,2009,Agro-MAPS,Benin,BEN009002,Bopa,98308,48126,3366853.73,4066711,58129.79989,0.489543069,0.591302843
70,2,2009,Agro-MAPS,Benin,BEN009003,Come,63595,20350,3366853.73,4066711,24580.09034,0.31999371,0.386509794
71,2,2009,Agro-MAPS,Benin,BEN009004,Grand-Popo,54171,5144,3366853.73,4066711,6213.267062,0.094958557,0.114697293
72,2,2009,Agro-MAPS,Benin,BEN009005,Houeyogbe,93206,80382,3366853.73,4066711,97090.75292,0.862412291,1.041679215
73,2,2009,Agro-MAPS,Benin,BEN010001,Adjarra,67265,4232.47,3366853.73,4066711,5112.260195,0.062922322,0.076001787
74,2,2009,Agro-MAPS,Benin,BEN010002,Adjohoun,76283,40169.42,3366853.73,4066711,48519.31069,0.526584167,0.636043557
75,2,2009,Agro-MAPS,Benin,BEN010003,Aguegue,28977,1728.55,3366853.73,4066711,2087.858239,0.059652483,0.072052257
76,2,2009,Agro-MAPS,Benin,BEN010004,Akpro-Misserete,86736,16269.07,3366853.73,4066711,19650.87029,0.187569982,0.226559563
77,2,2009,Agro-MAPS,Benin,BEN010005,Avrankou,74381,5078.96,3366853.73,4066711,6134.707402,0.068283029,0.082476807
78,2,2009,Agro-MAPS,Benin,BEN010006,Bonou,45217,12327.99,3366853.73,4066711,14890.57041,0.2726406,0.329313542
79,2,2009,Agro-MAPS,Benin,BEN010007,Dangbo,83315,28102.2,3366853.73,4066711,33943.71571,0.337300606,0.40741422
80,2,2009,Agro-MAPS,Benin,BEN010008,Porto Novo,20088,853.41,3366853.73,4066711,1030.805646,0.042483572,0.051314499
81,2,2009,Agro-MAPS,Benin,BEN010009,Seme-Kpodji,157341,5483.93,3366853.73,4066711,6623.85724,0.034853789,0.042098736
82,2,2009,Agro-MAPS,Benin,BEN011001,Ikpinle (Adja-Oue,111986,146973.61,3366853.73,4066711,177524.5509,1.312428429,1.585238788
83,2,2009,Agro-MAPS,Benin,BEN011002,Ifangni,120124,35260.31,3366853.73,4066711,42589.75947,0.2935326,0.354548296
84,2,2009,Agro-MAPS,Benin,BEN011003,Ketou,151712,148661.66,3366853.73,4066711,179563.4906,0.979893878,1.183581329
85,2,2009,Agro-MAPS,Benin,BEN011004,Pobe,106973,92037.53,3366853.73,4066711,111169.0812,0.860380937,1.03922561
86,2,2009,Agro-MAPS,Benin,BEN011005,Sakete,89454,91122.89,3366853.73,4066711,110064.3179,1.018656404,1.2304013
87,2,2009,Agro-MAPS,Benin,BEN012001,Abomey,54118,13465.19,3366853.73,4066711,16264.15659,0.248811671,0.300531368
88,2,2009,Agro-MAPS,Benin,BEN012002,Agbangnizoun,74014,20278.91,3366853.73,4066711,24494.22309,0.273987489,0.330940404
89,2,2009,Agro-MAPS,Benin,BEN012003,Bohicon,68579,19502.69,3366853.73,4066711,23556.65268,0.284382829,0.343496591
90,2,2009,Agro-MAPS,Benin,BEN012004,Cove,32894,25515.15,3366853.73,4066711,30818.90379,0.775677935,0.936915662
91,2,2009,Agro-MAPS,Benin,BEN012005,Djidja,125903,70964.66,3366853.73,4066711,85715.86014,0.563645505,0.680808719
92,2,2009,Agro-MAPS,Benin,BEN012006,Ouinhi,60912,96133.26,3366853.73,4066711,116116.1777,1.578231875,1.90629396
93,2,2009,Agro-MAPS,Benin,BEN012007,Za Kpota,55886,11830.62,3366853.73,4066711,14289.81368,0.211692016,0.255695768
94,2,2009,Agro-MAPS,Benin,BEN012008,Zangnanado,123105,53919.84,3366853.73,4066711,65127.98714,0.437998782,0.529044207
95,2,2009,Agro-MAPS,Benin,BEN012009,Zogbodome,95930,50012.69,3366853.73,4066711,60408.67019,0.521345669,0.629716149
96,0,2014,FAO,Burkina Faso,BFA001,Burkina Faso,15986647,4103,4103,4103,4103,0.000256652,0.000256652
97,1,2012,Agro-MAPS,Burundi,BDI001,Bubanza,431023,85788,1244607,2242352,154560.3499,0.199033462,0.358589565
98,1,2012,Agro-MAPS,Burundi,BDI002,Bujumbura,769396,135011,1244607,2242352,243243.1971,0.175476608,0.316148248
99,1,2012,Agro-MAPS,Burundi,BDI003,Bururi,738059,60020,1244607,2242352,108135.3126,0.081321412,0.146513101
100,1,2012,Agro-MAPS,Burundi,BDI004,Cankuzo,281589,43145,1244607,2242352,77732.39026,0.153219764,0.276049101
101,1,2012,Agro-MAPS,Burundi,BDI005,Cibitoke,585286,140203,1244607,2242352,252597.3881,0.239546136,0.431579413
102,1,2012,Agro-MAPS,Burundi,BDI006,Gitega,844902,173156,1244607,2242352,311967.3141,0.204942112,0.36923491
103,1,2012,Agro-MAPS,Burundi,BDI007,Karuzi,555692,92697,1244607,2242352,167007.9819,0.166813631,0.300540555
104,1,2012,Agro-MAPS,Burundi,BDI008,Kayanza,731779,27715,1244607,2242352,49932.85887,0.037873456,0.068234889
105,1,2012,Agro-MAPS,Burundi,BDI009,Kirundo,834242,75515,1244607,2242352,136051.9516,0.090519298,0.163084515
106,1,2012,Agro-MAPS,Burundi,BDI010,Makamba,536959,118182,1244607,2242352,212923.1509,0.220095017,0.396535212
107,1,2012,Agro-MAPS,Burundi,BDI011,Muramviya,806186,69664,1244607,2242352,125510.4702,0.086411821,0.155684259
108,1,2012,Agro-MAPS,Burundi,BDI012,Muyinga,749055,99247,1244607,2242352,178808.8199,0.132496279,0.238712538
109,1,2012,Agro-MAPS,Burundi,BDI013,Ngozi,824224,29829,1244607,2242352,53741.55682,0.036190405,0.065202611
110,1,2012,Agro-MAPS,Burundi,BDI014,Rutana,412511,10067,1244607,2242352,18137.25745,0.024404198,0.043967936
111,1,2012,Agro-MAPS,Burundi,BDI015,Ruyigi,486669,84368,1244607,2242352,152002.0003,0.173358073,0.31233138
112,1,2008,IITA,Central African Republic,CAF001,Bamingui-Bangora,65786,3390.983,594999.955,695188,3961.967846,0.051545663,0.060225091
113,1,2008,IITA,Central African Republic,CAF002,Bangui,46210,NA,594999.955,695188,NA,NA,NA
114,1,2008,IITA,Central African Republic,CAF003,Basse-Kotto,338168,40040.91,594999.955,695188,46783.12983,0.118405378,0.138342865
115,1,2008,IITA,Central African Republic,CAF004,Haut-Mbomou,63187,5475.035,594999.955,695188,6396.93936,0.086648124,0.101238219
116,1,2008,IITA,Central African Republic,CAF005,Haute-Kotto,103052,15229.93,594999.955,695188,17794.39559,0.147788786,0.172673947
117,1,2008,IITA,Central African Republic,CAF006,Kemo,156656,55750.98,594999.955,695188,65138.51297,0.355881549,0.415806053
118,1,2008,IITA,Central African Republic,CAF007,Lobaye,341944,23326.07,594999.955,695188,27253.79021,0.068216053,0.079702496
119,1,2008,IITA,Central African Republic,CAF008,Mambere-Kadei,374504,41056.04,594999.955,695188,47969.19075,0.109627774,0.128087259
120,1,2008,IITA,Central African Republic,CAF009,Mbomou,227247,25645.02,594999.955,695188,29963.21263,0.112850863,0.131853061
121,1,2008,IITA,Central African Republic,CAF010,Nana-Gribingui,140430,22257.14,594999.955,695188,26004.87027,0.158492772,0.185180305
122,1,2008,IITA,Central African Republic,CAF011,Nana-Mambere,288457,22491,594999.955,695188,26278.10839,0.077970027,0.091098876
123,1,2008,IITA,Central African Republic,CAF012,Ombella-Mpoko,478511,114773.9,594999.955,695188,134099.9059,0.239856346,0.280244145
124,1,2008,IITA,Central African Republic,CAF013,Ouaka,355539,89902.95,594999.955,695188,105041.1038,0.252863821,0.295441861
125,1,2008,IITA,Central African Republic,CAF014,Ouham,468911,78421,594999.955,695188,91625.78533,0.167240692,0.195401228
126,1,2008,IITA,Central African Republic,CAF015,Ouham-Pende,542365,27666.98,594999.955,695188,32325.63689,0.051011736,0.059601259
127,1,2008,IITA,Central African Republic,CAF016,Sangha,143658,26418,594999.955,695188,30866.34953,0.183895084,0.214859942
128,1,2008,IITA,Central African Republic,CAF017,Vakaga,32582,3154.017,594999.955,695188,3685.100733,0.096802437,0.113102349
129,0,2014,FAO,Chad,TCD001,Chad,9675183,166888,166888,166888,166888,0.017249079,0.017249079
130,1,1990,Agro-MAPS,Congo,COG001,Bouenza,309537,134170,537671,1308205,326448.4505,0.433453836,1.054634666
131,1,1990,Agro-MAPS,Congo,COG002,Cuvette,274987,52700,537671,1308205,128224.1436,0.191645423,0.466291656
132,1,1990,Agro-MAPS,Congo,COG003,Kouilou,242154,NA,537671,1308205,NA,0.24010065,0.58418786
133,1,1990,Agro-MAPS,Congo,COG004,Lekoumou,104267,24880,537671,1308205,60535.4211,0.238618163,0.580580827
134,1,1990,Agro-MAPS,Congo,COG005,Likouala,131171,NA,537671,1308205,NA,0.158118387,0.384717168
135,1,1990,Agro-MAPS,Congo,COG006,Niari,208246,50000,537671,1308205,121654.7852,0.24010065,0.58418786
136,1,1990,Agro-MAPS,Congo,COG007,Plateaux,199454,45180,537671,1308205,109927.2639,0.226518395,0.551140934
137,1,1990,Agro-MAPS,Congo,COG008,Pool,545123,220070,537671,1308205,535451.3715,0.403707053,0.982257897
138,1,1990,Agro-MAPS,Congo,COG009,Sangha,85648,10671,537671,1308205,25963.56425,0.124591351,0.30314268
139,1,2007,Agro-MAPS,Cote d'Ivoire,CIV051,AGNEBY,615775,24127,2342160,4239303,43669.80201,0.039181519,0.070918439
140,1,2007,Agro-MAPS,Cote d'Ivoire,CIV052,BAFING,186455,5203,2342160,4239303,9417.415338,0.027904856,0.050507711
141,1,2007,Agro-MAPS,Cote d'Ivoire,CIV053,BAS SASSANDRA,1853488,213839,2342160,4239303,387047.9874,0.115371127,0.208821415
142,1,2007,Agro-MAPS,Cote d'Ivoire,CIV054,DENGUELE,283417,70746,2342160,4239303,128050.0606,0.249618054,0.451807974
143,1,2007,Agro-MAPS,Cote d'Ivoire,CIV055,FROMAGER,731495,14694,2342160,4239303,26596.09859,0.020087629,0.036358551
144,1,2007,Agro-MAPS,Cote d'Ivoire,CIV056,HAUT SASSANDRA,1175567,173121,2342160,4239303,313348.5222,0.147265958,0.266550968
145,1,2007,Agro-MAPS,Cote d'Ivoire,CIV057,LACS,620459,30190,2342160,4239303,54643.81493,0.048657526,0.088069985
146,1,2007,Agro-MAPS,Cote d'Ivoire,CIV058,LAGUNES,1304758,302787,2342160,4239303,548043.6168,0.232063724,0.420034686
147,1,2007,Agro-MAPS,Cote d'Ivoire,CIV059,MARAHOUE,764843,7898,2342160,4239303,14295.35774,0.010326302,0.018690578
148,1,2007,Agro-MAPS,Cote d'Ivoire,CIV060,MONTAGNES,1286120,108732,2342160,4239303,196804.6136,0.084542655,0.153021968
149,1,2007,Agro-MAPS,Cote d'Ivoire,CIV061,MOYEN CAVALLY,754849,64322,2342160,4239303,116422.6387,0.085211744,0.154233017
150,1,2007,Agro-MAPS,Cote d'Ivoire,CIV062,MOYEN COMOE,481961,11119,2342160,4239303,20125.35867,0.023070331,0.041757235
151,1,2007,Agro-MAPS,Cote d'Ivoire,CIV063,N'ZI COMOE,839766,15926,2342160,4239303,28826.01512,0.018964807,0.034326247
152,1,2007,Agro-MAPS,Cote d'Ivoire,CIV064,SAVANES,1406465,79325,2342160,4239303,143578.0265,0.056400266,0.102084322
153,1,2007,Agro-MAPS,Cote d'Ivoire,CIV065,SUD BANDAMA,783577,51461,2342160,4239303,93144.26499,0.065674465,0.118870596
154,1,2007,Agro-MAPS,Cote d'Ivoire,CIV066,SUD COMOE,591920,384665,2342160,4239303,696242.566,0.649859778,1.176244368
155,1,2007,Agro-MAPS,Cote d'Ivoire,CIV067,VAL DU BANDAMA,1095123,541255,2342160,4239303,979670.0248,0.494241286,0.894575335
156,1,2007,Agro-MAPS,Cote d'Ivoire,CIV068,WORODOUGOU,651411,24295,2342160,4239303,43973.88154,0.037295962,0.067505586
157,1,2007,Agro-MAPS,Cote d'Ivoire,CIV069,ZANZAN,875906,218455,2342160,4239303,395402.9344,0.249404616,0.451421653
158,0,2014,FAO,Equatorial Guinea,GNQ001,Equatorial Guinea,508564,71673,71673,71673,71673,0.140932115,0.140932115
159,0,2014,FAO,Gabon,GAB001,Gabon,1000481,323762,323762,323762,323762,0.323606345,0.323606345
160,0,2014,FAO,Gambia,GMB001,Gambia,1245379,11582,11582,11582,11582,0.00929998,0.00929998
161,1,2011,Agro-MAPS,Ghana,GHA001,Ashanti,3293644,1900443.796,14595757.75,17798217,2317420.695,0.577003403,0.703603879
162,1,2011,Agro-MAPS,Ghana,GHA002,Brong Ahafo,2270220,2883352.57,14595757.75,17798217,3515989.756,1.270076279,1.548744067
163,1,2011,Agro-MAPS,Ghana,GHA003,Central,2213541,1976946.196,14595757.75,17798217,2410708.508,0.893114786,1.089073348
164,1,2011,Agro-MAPS,Ghana,GHA004,Eastern,2445229,3858148.75,14595757.75,17798217,4704666.235,1.577827169,1.924018665
165,1,2011,Agro-MAPS,Ghana,GHA005,Greater Accra,1380472,71863,14595757.75,17798217,87630.48073,0.052056833,0.063478637
166,1,2011,Agro-MAPS,Ghana,GHA006,Lake Volta,141430,354890.4,14595757.75,17798217,432757.0009,2.509300714,3.059867079
167,1,2011,Agro-MAPS,Ghana,GHA007,Northern,2253969,1333406.4,14595757.75,17798217,1625969.467,0.591581517,0.721380581
168,1,2011,Agro-MAPS,Ghana,GHA008,Upper East,1053715,NA,14595757.75,17798217,NA,0.295919084,0.360818616
169,1,2011,Agro-MAPS,Ghana,GHA009,Upper West,672590,NA,14595757.75,17798217,NA,0.295919084,0.360818616
170,1,2011,Agro-MAPS,Ghana,GHA010,Volta,1838293,1660006.639,14595757.75,17798217,2024229.155,0.903015264,1.101146093
171,1,2011,Agro-MAPS,Ghana,GHA011,Western,2237433,556700,14595757.75,17798217,678845.7011,0.24881192,0.303403812
172,0,2014,FAO,Guinea-Bissau,GNB001,Guinea-Bissau,1271345,46144,46144,46144,46144,0.036295419,0.036295419
173,1,2008,IITA,Liberia,LBR001,Bomi Terr.,130650,8349.012,560000.042,520984,7767.323824,0.063903651,0.059451388
174,1,2008,IITA,Liberia,LBR002,Bong,421611,60351.43,560000.042,520984,56146.65544,0.143144818,0.133171704
175,1,2008,IITA,Liberia,LBR003,Grand Bassa,219915,76313.94,560000.042,520984,70997.03346,0.34701562,0.322838521
176,1,2008,IITA,Liberia,LBR004,Grand Cape Mount,146542,34747.79,560000.042,520984,32326.85941,0.237118301,0.220597913
177,1,2008,IITA,Liberia,LBR005,Grand Gedeh,240095,14471.62,560000.042,520984,13463.36055,0.060274558,0.056075139
178,1,2008,IITA,Liberia,LBR006,Kru Coast Terr.,41685,30036.56,560000.042,520984,27943.86786,0.720560393,0.670357871
179,1,2008,IITA,Liberia,LBR007,Lofa,408346,36059.78,560000.042,520984,33547.4411,0.088306926,0.08215445
180,1,2008,IITA,Liberia,LBR008,Marshall Terr.,37888,28446.28,560000.042,520984,26464.38505,0.750799198,0.698489893
181,1,2008,IITA,Liberia,LBR009,Maryland,157362,21687.55,560000.042,520984,20176.5459,0.137819486,0.128217396
182,1,2008,IITA,Liberia,LBR010,Montserrado,622216,75459.16,560000.042,520984,70201.80726,0.121274863,0.112825461
183,1,2008,IITA,Liberia,LBR011,Nimba,530952,135273.9,560000.042,520984,125849.1647,0.254776138,0.237025503
184,1,2008,IITA,Liberia,LBR012,Rivercess Terr.,71850,15286.64,560000.042,520984,14221.59689,0.21275769,0.197934543
185,1,2008,IITA,Liberia,LBR013,Sasstown Terr.,25246,NA,560000.042,520984,NA,0.28984536,0.269651399
186,1,2008,IITA,Liberia,LBR014,Sinoe,97689,23516.38,560000.042,520984,21877.95857,0.240727001,0.22395519
187,1,2008,IITA,Mali,MLI001,Gao,499597,NA,99999,52152,NA,NA,NA
188,1,2008,IITA,Mali,MLI002,Kayes,2055466,2318,99999,52152,1208.895449,0.001127725,0.000588137
189,1,2008,IITA,Mali,MLI003,Kidal,75813,NA,99999,52152,NA,NA,NA
190,1,2008,IITA,Mali,MLI004,Koulikoro,2540801,26754,99999,52152,13952.88561,0.01052975,0.00549153
191,1,2008,IITA,Mali,MLI005,Mopti,2172341,313,99999,52152,163.2373924,0.000144084,7.51E-05
192,1,2008,IITA,Mali,MLI006,Segou,2314972,19173,99999,52152,9999.202952,0.008282174,0.004319362
193,1,2008,IITA,Mali,MLI007,Sikasso,2527699,49436,99999,52152,25782.12054,0.019557708,0.010199838
194,1,2008,IITA,Mali,MLI008,Tombouctou,670240,2005,99999,52152,1045.658057,0.002991466,0.001560125
195,1,2008,Agro-MAPS,Mozambique,MOZ001,Cabo Delgado,1763382,313660,4054590,8272530,639956.6318,0.177874108,0.36291435
196,1,2008,Agro-MAPS,Mozambique,MOZ002,Gaza,1295582,105410,4054590,8272530,215066.7237,0.081361118,0.166000086
197,1,2008,Agro-MAPS,Mozambique,MOZ003,Inhambane,1397196,167520,4054590,8272530,341788.9911,0.11989728,0.244624942
198,1,2008,Agro-MAPS,Mozambique,MOZ004,Manica,1545402,103540,4054590,8272530,211251.3858,0.066998749,0.136696721
199,1,2008,Agro-MAPS,Mozambique,MOZ005,Maputo,1302374,42530,4054590,8272530,86773.43477,0.03265575,0.066627125
200,1,2008,Agro-MAPS,Mozambique,MOZ006,Nampula,4134498,896700,4054590,8272530,1829525.957,0.216882437,0.442502562
201,1,2008,Agro-MAPS,Mozambique,MOZ007,Nassa,1439467,427620,4054590,8272530,872467.8151,0.29706829,0.60610477
202,1,2008,Agro-MAPS,Mozambique,MOZ008,Sofala,1597558,153200,4054590,8272530,312572.0717,0.095896362,0.195656165
203,1,2008,Agro-MAPS,Mozambique,MOZ009,Tete,2171787,30270,4054590,8272530,61759.50789,0.013937831,0.028437185
204,1,2008,Agro-MAPS,Mozambique,MOZ010,Zambezia,4348360,1814140,4054590,8272530,3701367.481,0.417200968,0.851209992
205,0,2014,FAO,Niger,NER001,Niger,14696807,133099,133099,133099,133099,0.009056321,0.009056321
206,1,1999,Agro-MAPS,Senegal,SEN001,Diourbel,326515,592,296554,257259,513.556816,0.001813087,0.001572843
207,1,1999,Agro-MAPS,Senegal,SEN002,Tambacounda,893023,4297,296554,257259,3727.624389,0.004811746,0.004174164
208,1,1999,Agro-MAPS,Senegal,SEN003,Thies,844116,1863,296554,257259,1616.14248,0.002207043,0.001914598
209,1,1999,Agro-MAPS,Senegal,SEN004,Saint Louis,1202801,2260,296554,257259,1960.537845,0.001878948,0.001629977
210,1,1999,Agro-MAPS,Senegal,SEN005,Fatick,1082500,12650,296554,257259,10973.80696,0.011685912,0.010137466
211,1,1999,Agro-MAPS,Senegal,SEN006,Kaolack,825577,1092,296554,257259,947.3041267,0.001322711,0.001147445
212,1,1999,Agro-MAPS,Senegal,SEN007,Ziguinchor,1272072,335,296554,257259,290.6106982,0.00026335,0.000228455
213,1,1999,Agro-MAPS,Senegal,SEN008,Louga,720012,520,296554,257259,451.0972032,0.00072221,0.000626513
214,1,1999,Agro-MAPS,Senegal,SEN009,Kolda,1420900,272110,296554,257259,236053.9615,0.191505384,0.166129891
215,1,1999,Agro-MAPS,Senegal,SEN010,Dakar,366067,835,296554,257259,724.358009,0.002281003,0.001978758
216,0,2014,FAO,Sierra Leone,SLE001,Sierra Leone,4340442,4108850,4108850,4108850,4108850,0.946643222,0.946643222
217,0,2014,FAO,South Sudan,SSD001,South Sudan,10544748,126205,126205,126205,126205,0.011968517,0.011968517
218,1,2011,Agro-MAPS,Togo,TGO001,Centre,651260,250693,998540,1153109,289499.0231,0.384935356,0.444521425
219,1,2011,Agro-MAPS,Togo,TGO002,Kara,789468,49660,998540,1153109,57347.11973,0.06290312,0.072640208
220,1,2011,Agro-MAPS,Togo,TGO003,Maritime,1517131,318801,998540,1153109,368149.801,0.210134128,0.242661841
221,1,2011,Agro-MAPS,Togo,TGO004,Plateaux,1499370,379386,998540,1153109,438113.0561,0.253030273,0.292198094
222,1,2011,Agro-MAPS,Togo,TGO005,Savanes,818862,NA,998540,1153109,NA,0.000256652,0.000256652
223,1,2009,Agro-MAPS,Uganda,UGA001,ADJUMANI,283682,8648,846302,852000,8706.225437,0.030484839,0.030690088
224,1,2009,Agro-MAPS,Uganda,UGA004,BUGIRI,497584,25568,846302,852000,25740.14477,0.051384289,0.05173025
225,1,2009,Agro-MAPS,Uganda,UGA005,BUNDIBUGYO,279333,7784,846302,852000,7836.40828,0.027866382,0.028054001
226,1,2009,Agro-MAPS,Uganda,UGA006,BUSHENYI,1018875,9081,846302,852000,9142.140749,0.008912771,0.00897278
227,1,2009,Agro-MAPS,Uganda,UGA007,BUSIA,246427,15137,846302,852000,15238.91471,0.061425899,0.061839469
228,1,2009,Agro-MAPS,Uganda,UGA009,HOIMA,493506,14552,846302,852000,14649.97601,0.029486977,0.029685507
229,1,2009,Agro-MAPS,Uganda,UGA011,JINJA,390202,5096,846302,852000,5130.310457,0.013059902,0.013147832
230,1,2009,Agro-MAPS,Uganda,UGA012,KABALE,644826,95,846302,852000,95.63961801,0.000147327,0.000148318
231,1,2009,Agro-MAPS,Uganda,UGA014,KALANGALA,44998,1111,846302,852000,1118.480164,0.024689986,0.024856219
232,1,2009,Agro-MAPS,Uganda,UGA015,KAMPALA,176648,184,846302,852000,185.2388391,0.001041619,0.001048633
233,1,2009,Agro-MAPS,Uganda,UGA018,KASESE,702527,15855,846302,852000,15961.74888,0.022568528,0.022720477
234,1,2009,Agro-MAPS,Uganda,UGA020,KIBAALE,596037,13687,846302,852000,13779.15212,0.02296334,0.023117948
235,1,2009,Agro-MAPS,Uganda,UGA021,KIBOGA,334756,8294,846302,852000,8349.842019,0.024776255,0.024943069
236,1,2009,Agro-MAPS,Uganda,UGA022,KISORO,312949,238,846302,852000,239.6024114,0.000760507,0.000765628
237,1,2009,Agro-MAPS,Uganda,UGA028,MASAKA,1084614,7720,846302,852000,7771.977379,0.00711774,0.007165662
238,1,2009,Agro-MAPS,Uganda,UGA033,MOYO,268330,5367,846302,852000,5403.135051,0.020001491,0.020136157
239,1,2009,Agro-MAPS,Uganda,UGA037,NAKASONGOLA,188395,10346,846302,852000,10415.65777,0.054916532,0.055286275
240,1,2009,Agro-MAPS,Uganda,UGA038,NEBBI,602807,45342,846302,852000,45647.27958,0.075218105,0.075724535
241,1,2009,Agro-MAPS,Uganda,UGA039,NTUNGAMO,557691,4117,846302,852000,4144.719025,0.007382224,0.007431927
242,1,2009,Agro-MAPS,Uganda,UGA043,SSEMBABULE,523964,2385,846302,852000,2401.057778,0.004551839,0.004582486
243,1,2009,Agro-MAPS,Uganda,UGA048,KABAROLE,517370,7322,846302,852000,7371.297716,0.014152347,0.014247633
244,1,2009,Agro-MAPS,Uganda,UGA049,KAMWENGE,385800,4879,846302,852000,4911.849434,0.012646449,0.012731595
245,1,2009,Agro-MAPS,Uganda,UGA050,KAYUNGA,384638,14386,846302,852000,14482.85836,0.037401401,0.037653218
246,1,2009,Agro-MAPS,Uganda,UGA051,KITGUM,388570,6747,846302,852000,6792.426344,0.017363667,0.017480573
247,1,2009,Agro-MAPS,Uganda,UGA052,KYENJOJO,551648,17885,846302,852000,18005.41651,0.032421037,0.032639322
248,1,2009,Agro-MAPS,Uganda,UGA053,MAYUGE,405457,10287,846302,852000,10356.26053,0.025371371,0.025542192
249,1,2009,Agro-MAPS,Uganda,UGA055,MPIGI,596557,13080,846302,852000,13168.0653,0.021925818,0.02207344
250,1,2009,Agro-MAPS,Uganda,UGA056,MUKONO,971106,15430,846302,852000,15533.88743,0.0158891,0.015996078
251,1,2009,Agro-MAPS,Uganda,UGA057,PADER,476683,6442,846302,852000,6485.372834,0.013514222,0.013605211
252,1,2009,Agro-MAPS,Uganda,UGA058,SIRONKO,261157,2213,846302,852000,2227.899733,0.00847383,0.008530883
253,1,2009,Agro-MAPS,Uganda,UGA059,WAKISO,820970,11378,846302,852000,11454.60604,0.013859215,0.013952527
254,1,2009,Agro-MAPS,Uganda,UGA060,YUMBE,370719,19773,846302,852000,19906.12807,0.053336894,0.053696002
255,1,2009,Agro-MAPS,Uganda,UGA061,KABERAMAIDO,189442,10982,846302,852000,11055.93984,0.057970249,0.058360553
256,1,2009,Agro-MAPS,Uganda,UGA062,KANUNGU,304422,1523,846302,852000,1533.254087,0.005002924,0.005036607
257,1,2009,Agro-MAPS,Uganda,UGA063,MOROTO,282059,0,846302,852000,0,0,0
258,1,2009,Agro-MAPS,Uganda,UGA064,NAKAPIRIPIRIT,230334,287,846302,852000,288.9323197,0.001246017,0.001254406
259,1,2009,Agro-MAPS,Uganda,UGA065,RUKUNGIRI,409092,1472,846302,852000,1481.910713,0.003598213,0.003622439
260,1,2009,Agro-MAPS,Uganda,UGA066,SOROTI,294434,30951,846302,852000,31159.38755,0.105120333,0.105828089
261,1,2009,Agro-MAPS,Uganda,UGA067,AMOLATAR,142612,7865,846302,852000,7917.953638,0.055149637,0.055520949
262,1,2009,Agro-MAPS,Uganda,UGA068,AMURIA,257837,15641,846302,852000,15746.30806,0.060662356,0.061070785
263,1,2009,Agro-MAPS,Uganda,UGA070,BUKWO,63755,50,846302,852000,50.33664106,0.000784252,0.000789532
264,1,2009,Agro-MAPS,Uganda,UGA071,BUTALEJA,190676,11368,846302,852000,11444.53871,0.059619459,0.060020866
265,1,2009,Agro-MAPS,Uganda,UGA072,IBANDA,280113,2360,846302,852000,2375.889458,0.008425171,0.008481896
266,1,2009,Agro-MAPS,Uganda,UGA073,ISINGIRO,466840,1392,846302,852000,1401.372087,0.00298175,0.003001825
267,1,2009,Agro-MAPS,Uganda,UGA074,KAABONG,348403,700,846302,852000,704.7129748,0.002009168,0.002022695
268,1,2009,Agro-MAPS,Uganda,UGA075,KALIRO,200396,10070,846302,852000,10137.79951,0.050250504,0.050588832
269,1,2009,Agro-MAPS,Uganda,UGA076,KAMULI,740640,41136,846302,852000,41412.96133,0.055541154,0.055915102
270,1,2009,Agro-MAPS,Uganda,UGA077,KAPCHORWA,170386,413,846302,852000,415.7806551,0.002423908,0.002440228
271,1,2009,Agro-MAPS,Uganda,UGA078,KATAKWI,176063,12051,846302,852000,12132.13723,0.06844709,0.068907932
272,1,2009,Agro-MAPS,Uganda,UGA079,KIRUHURA,314595,1375,846302,852000,1384.257629,0.004370699,0.004400126
273,1,2009,Agro-MAPS,Uganda,UGA080,KOBOKO,159340,6930,846302,852000,6976.658451,0.043491904,0.043784727
274,1,2009,Agro-MAPS,Uganda,UGA083,LUWERO,451382,11638,846302,852000,11716.35657,0.02578304,0.025956632
275,1,2009,Agro-MAPS,Uganda,UGA084,MANAFWA,347827,2956,846302,852000,2975.902219,0.008498478,0.008555696
276,1,2009,Agro-MAPS,Uganda,UGA086,MBARARA,477409,1032,846302,852000,1038.948271,0.002161669,0.002176223
277,1,2009,Agro-MAPS,Uganda,UGA087,MITYANA,244040,10104,846302,852000,10172.02842,0.041403049,0.041681808
278,1,2009,Agro-MAPS,Uganda,UGA088,MUBENDE,730531,12603,846302,852000,12687.85374,0.017251835,0.017367988
279,1,2009,Agro-MAPS,Uganda,UGA089,NAKASEKE,203521,4696,846302,852000,4727.617328,0.023073786,0.023229138
280,1,2009,Agro-MAPS,Uganda,UGA090,TORORO,481186,27294,846302,852000,27477.76562,0.056722349,0.05710425
281,1,2009,Agro-MAPS,Uganda,UGA091,ABIM,50206,163,846302,852000,164.0974498,0.003246624,0.003268483
282,1,2009,Agro-MAPS,Uganda,UGA092,AMURU,201021,7992,846302,852000,8045.808707,0.03975704,0.040024717
283,1,2009,Agro-MAPS,Uganda,UGA093,APAC,617602,42836,846302,852000,43124.40713,0.069358584,0.069825563
284,1,2009,Agro-MAPS,Uganda,UGA094,ARUA,1005647,28326,846302,852000,28516.71389,0.028166941,0.028356584
285,1,2009,Agro-MAPS,Uganda,UGA095,BUDAKA,142603,11849,846302,852000,11928.7772,0.083090819,0.083650254
286,1,2009,Agro-MAPS,Uganda,UGA096,BUDUDA,309769,1135,846302,852000,1142.641752,0.003664021,0.00368869
287,1,2009,Agro-MAPS,Uganda,UGA097,BUKEDEA,174349,9441,846302,852000,9504.564564,0.054150009,0.054514592
288,1,2009,Agro-MAPS,Uganda,UGA098,BULIISA,206974,5596,846302,852000,5633.676867,0.027037212,0.027219249
289,1,2009,Agro-MAPS,Uganda,UGA099,DOKOLO,178324,8918,846302,852000,8978.043299,0.050010094,0.050346803
290,1,2009,Agro-MAPS,Uganda,UGA100,GULU,358839,10964,846302,852000,11037.81865,0.030554093,0.030759808
291,1,2009,Agro-MAPS,Uganda,UGA101,IGANGA,634757,14350,846302,852000,14446.61598,0.022607076,0.022759286
292,1,2009,Agro-MAPS,Uganda,UGA102,KOTIDO,145912,0,846302,852000,0,0,0
293,1,2009,Agro-MAPS,Uganda,UGA103,KUMI,385710,18082,846302,852000,18203.74287,0.04687978,0.047195413
294,1,2009,Agro-MAPS,Uganda,UGA104,LIRA,686331,17417,846302,852000,17534.26555,0.025376968,0.025547827
295,1,2009,Agro-MAPS,Uganda,UGA105,LYANTONDE,98084,1037,846302,852000,1043.981936,0.01057257,0.010643754
296,1,2009,Agro-MAPS,Uganda,UGA106,MASINDI,457236,21082,846302,852000,21223.94134,0.046107481,0.046417914
297,1,2009,Agro-MAPS,Uganda,UGA107,MBALE,191491,4710,846302,852000,4741.711588,0.024596456,0.02476206
298,1,2009,Agro-MAPS,Uganda,UGA108,NAMUTUMBA,223880,12869,846302,852000,12955.64468,0.057481687,0.057868701
299,1,2009,Agro-MAPS,Uganda,UGA110,OYAM,400285,20083,846302,852000,20218.21525,0.050171753,0.05050955
300,1,2009,Agro-MAPS,Uganda,UGA111,PALLISA,503317,48738,846302,852000,49066.14424,0.096833606,0.097485569
301,1,2009,Agro-MAPS,Uganda,UGA112,RAKAI,593996,3396,846302,852000,3418.864661,0.00571721,0.005755703
302,1,2008,IITA,Zambia,ZMB001,Central,1381374,55307.26257,1204557.664,919497,42218.70278,0.040037863,0.030562833
303,1,2008,IITA,Zambia,ZMB002,Copperbelt,1060321,13519.55307,1204557.664,919497,10320.12734,0.012750434,0.009733022
304,1,2008,IITA,Zambia,ZMB003,Eastern,1790461,20893.85475,1204557.664,919497,15949.28772,0.011669539,0.008907922
305,1,2008,IITA,Zambia,ZMB004,Lake Mweru,8281,NA,1204557.664,919497,NA,NA,NA
306,1,2008,IITA,Zambia,ZMB005,Luapula,1031015,308904.1096,1204557.664,919497,235801.4153,0.299611654,0.228708036
307,1,2008,IITA,Zambia,ZMB006,Lusaka,773255,NA,1204557.664,919497,NA,NA,NA
308,1,2008,IITA,Zambia,ZMB007,North Western,755626,184357.5419,1204557.664,919497,140729.0093,0.243979881,0.186241619
309,1,2008,IITA,Zambia,ZMB008,Northern,1963342,482191.7808,1204557.664,919497,368080.258,0.245597446,0.187476384
310,1,2008,IITA,Zambia,ZMB009,Southern,1696332,0,1204557.664,919497,0,0,0
311,1,2008,IITA,Zambia,ZMB010,Western,968872,139383.5616,1204557.664,919497,106398.1996,0.143861688,0.10981657
312,0,2014,FAO,Zimbabwe,ZIM001,Zimbabwe,11653423,234572,234572,234572,234572,0.020129021,0.020129021
313,1,2008,Agro-MAPS,Kenya,KEN001,CENTRAL,4468426,999,752962,858461,1138.971872,0.000223569,0.000254893
314,1,2008,Agro-MAPS,Kenya,KEN002,COAST,2853831,143614,752962,858461,163736.0425,0.050323232,0.05737412
315,1,2008,Agro-MAPS,Kenya,KEN003,EASTERN,6169653,57555,752962,858461,65619.14526,0.009328726,0.010635792
316,1,2008,Agro-MAPS,Kenya,KEN004,N. EASTERN,2248690,195,752962,858461,222.321837,8.67E-05,9.89E-05
317,1,2008,Agro-MAPS,Kenya,KEN005,NAIROBI,712773,999,752962,858461,1138.971872,0.001401568,0.001597945
318,1,2008,Agro-MAPS,Kenya,KEN006,NYANZA,5343016,339214,752962,858461,386741.9467,0.063487364,0.072382704
319,1,2008,Agro-MAPS,Kenya,KEN007,RIFT VALLEY,10264592,15740,752962,858461,17945.36263,0.001533427,0.001748278
320,1,2008,Agro-MAPS,Kenya,KEN008,WESTERN,4399398,194646,752962,858461,221918.2373,0.044243781,0.050442865
321,1,2008,IITA,Nigeria,NGA001,Abia,1853996,635970,41772172.54,56328480,857585.8341,0.34302663,0.462560779
322,1,2008,IITA,Nigeria,NGA002,Adamawa,2770238,13010,41772172.54,56328480,17543.58177,0.004696347,0.006332879
323,1,2008,IITA,Nigeria,NGA003,Akwa Ibom,3407727,1587690,41772172.54,56328480,2140950.757,0.465908801,0.628263578
324,1,2008,IITA,Nigeria,NGA004,Anambra,2533777,1608720,41772172.54,56328480,2169309.06,0.63490986,0.856156268
325,1,2008,IITA,Nigeria,NGA005,Bauchi,5082656,14770,41772172.54,56328480,19916.88723,0.002905961,0.003918598
326,1,2008,IITA,Nigeria,NGA006,Bayelsa,1187859,454180,41772172.54,56328480,612447.6534,0.382351777,0.515589521
327,1,2008,IITA,Nigeria,NGA007,Benue,4389086,3571480,41772172.54,56328480,4816030.087,0.813718391,1.097274031
328,1,2008,IITA,Nigeria,NGA008,Borno,3786734,5000,41772172.54,56328480,6742.345033,0.001320399,0.001780517
329,1,2008,IITA,Nigeria,NGA009,Cross River,2874168,3210010,41772172.54,56328480,4328598.996,1.116848424,1.506035484
330,1,2008,IITA,Nigeria,NGA010,Delta,3001890,1401400,41772172.54,56328480,1889744.466,0.466839225,0.629518225
331,1,2008,IITA,Nigeria,NGA011,Ebonyi,2073397,887540,41772172.54,56328480,1196820.182,0.42806081,0.577226736
332,1,2008,IITA,Nigeria,NGA012,Edo,2391145,695000,41772172.54,56328480,937185.9595,0.290655732,0.391940246
333,1,2008,IITA,Nigeria,NGA013,Ekiti,1335393,1215390,41772172.54,56328480,1638915.746,0.910136567,1.227290952
334,1,2008,IITA,Nigeria,NGA014,Enugu,2532757,2946750,41772172.54,56328480,3973601.045,1.163455476,1.568883649
335,1,2008,IITA,Nigeria,NGA015,"FCT, Abuja",1726438,44800,41772172.54,56328480,60411.41149,0.025949382,0.034991938
336,1,2008,IITA,Nigeria,NGA016,Gombe,2395104,7840,41772172.54,56328480,10571.99701,0.003273344,0.004414003
337,1,2008,IITA,Nigeria,NGA017,Imo,2985913,3290490,41772172.54,56328480,4437123.781,1.102004646,1.486019111
338,1,2008,IITA,Nigeria,NGA018,Jigawa,4656374,115702.5361,41772172.54,56328480,156021.2839,0.024848205,0.033507034
339,1,2008,IITA,Nigeria,NGA019,Kaduna,4999054,1863300,41772172.54,56328480,2512602.3,0.372730521,0.502615555
340,1,2008,IITA,Nigeria,NGA020,Kano,7778700,43550,41772172.54,56328480,58725.82523,0.005598622,0.007549568
341,1,2008,IITA,Nigeria,NGA021,Katsina,5315820,121210,41772172.54,56328480,163447.9283,0.02280175,0.030747454
342,1,2008,IITA,Nigeria,NGA022,Kebbi,3202585,453440,41772172.54,56328480,611449.7863,0.141585625,0.190923828
343,1,2008,IITA,Nigeria,NGA023,Kogi,2726892,3631940,41772172.54,56328480,4897558.524,1.331897266,1.796022183
344,1,2008,IITA,Nigeria,NGA024,Kwara,1830744,1111270,41772172.54,56328480,1498513.153,0.607004584,0.818526868
345,1,2008,IITA,Nigeria,NGA025,Lagos,1528201,746280,41772172.54,56328480,1006335.45,0.488338903,0.658509875
346,1,2008,IITA,Nigeria,NGA026,Nassarawa,2000910,871120,41772172.54,56328480,1174678.321,0.43536191,0.587072043
347,1,2008,IITA,Nigeria,NGA027,Niger,3965248,584200,41772172.54,56328480,787775.5936,0.147330003,0.198669943
348,1,2008,IITA,Nigeria,NGA028,Ogun,2666365,1829210,41772172.54,56328480,2466632.991,0.686031357,0.925092023
349,1,2008,IITA,Nigeria,NGA029,Ondo,2400192,2360980,41772172.54,56328480,3183708.355,0.983662974,1.326439033
350,1,2008,IITA,Nigeria,NGA030,Osun,1964445,738600,41772172.54,56328480,995979.2082,0.375984057,0.507002847
351,1,2008,IITA,Nigeria,NGA031,Oyo,3182906,1488330,41772172.54,56328480,2006966.876,0.467600991,0.630545444
352,1,2008,IITA,Nigeria,NGA032,Plateau,3163420,334790,41772172.54,56328480,451453.9387,0.105831663,0.142710718
353,1,2008,IITA,Nigeria,NGA033,Rivers,2509599,1535450,41772172.54,56328480,2070506.736,0.611830814,0.82503489
354,1,2008,IITA,Nigeria,NGA034,Sokoto,3401245,10060,41772172.54,56328480,13565.59821,0.00295774,0.003988421
355,1,2008,IITA,Nigeria,NGA035,Taraba,2572933,2315410,41772172.54,56328480,3122258.622,0.899910724,1.213501721
356,1,2008,IITA,Nigeria,NGA036,Yobe,2431270,26500,41772172.54,56328480,35734.42867,0.010899653,0.014697845
357,1,2008,IITA,Nigeria,NGA037,Zamfara,3118977,790,41772172.54,56328480,1065.290515,0.000253288,0.000341551
358,2,2017,Resakss,Rwanda,Nyarugenge,Nyarugenge,99166,4359.074941,1040944.431,3165172,13254.52305,0.043957354,0.133659954
359,2,2017,Resakss,Rwanda,Gasabo,Gasabo,400961,16334.36546,1040944.431,3165172,49667.46991,0.040738041,0.123871075
360,2,2017,Resakss,Rwanda,Kicukiro,Kicukiro,180953,3103.885691,1040944.431,3165172,9437.902533,0.017152994,0.052156651
361,2,2017,Resakss,Rwanda,Nyanza,Nyanza,370122,40332.86624,1040944.431,3165172,122639.0719,0.108971815,0.331347696
362,2,2017,Resakss,Rwanda,Gisagara,Gisagara,371197,31719.63946,1040944.431,3165172,96449.06269,0.085452306,0.259832549
363,2,2017,Resakss,Rwanda,Nyaruguru,Nyaruguru,343594,27859.49773,1040944.431,3165172,84711.63256,0.081082608,0.246545727
364,2,2017,Resakss,Rwanda,Huye,Huye,357269,28007.13992,1040944.431,3165172,85160.56423,0.078392304,0.238365389
365,2,2017,Resakss,Rwanda,Nyamagabe,Nyamagabe,400395,33564.94853,1040944.431,3165172,102060.0448,0.08382959,0.2548984
366,2,2017,Resakss,Rwanda,Ruhango,Ruhango,374100,119114.818,1040944.431,3165172,362189.254,0.318403684,0.968161599
367,2,2017,Resakss,Rwanda,Muhanga,Muhanga,354324,57509.78206,1040944.431,3165172,174868.4622,0.162308458,0.493527004
368,2,2017,Resakss,Rwanda,Kamonyi,Kamonyi,403416,51389.96457,1040944.431,3165172,156260.0963,0.127387026,0.387342337
369,2,2017,Resakss,Rwanda,Karongi,Karongi,382731,32971.5293,1040944.431,3165172,100255.6508,0.08614805,0.26194808
370,2,2017,Resakss,Rwanda,Rutsiro,Rutsiro,378452,18011.8761,1040944.431,3165172,54768.23182,0.047593555,0.144716455
371,2,2017,Resakss,Rwanda,Rubavu,Rubavu,342203,842.834146,1040944.431,3165172,2562.783335,0.002462965,0.007489073
372,2,2017,Resakss,Rwanda,Nyabihu,Nyabihu,347624,3863.431201,1040944.431,3165172,11747.43233,0.011113822,0.033793502
373,2,2017,Resakss,Rwanda,Ngororero,Ngororero,383881,44782.12299,1040944.431,3165172,136167.8084,0.116656263,0.354713592
374,2,2017,Resakss,Rwanda,Rusizi,Rusizi,425097,69855.66819,1040944.431,3165172,212408.2693,0.164328772,0.499670121
375,2,2017,Resakss,Rwanda,Rulindo,Rulindo,335532,22683.68299,1040944.431,3165172,68973.67058,0.067605126,0.205565104
376,2,2017,Resakss,Rwanda,Gakenke,Gakenke,392017,34720.31355,1040944.431,3165172,105573.1325,0.088568387,0.269307536
377,2,2017,Resakss,Rwanda,Musanze,Musanze,391147,995.498387,1040944.431,3165172,3026.985425,0.002545075,0.007738741
378,2,2017,Resakss,Rwanda,Burera,Burera,396588,2283.98452,1040944.431,3165172,6944.850885,0.005759086,0.0175115
379,2,2017,Resakss,Rwanda,Gicumbi,Gicumbi,470812,16937.21979,1040944.431,3165172,51500.55301,0.035974486,0.109386662
380,2,2017,Resakss,Rwanda,Rwamagana,Rwamagana,355815,26881.97181,1040944.431,3165172,81739.29555,0.075550418,0.229724142
381,2,2017,Resakss,Rwanda,Nyagatare,Nyagatare,552819,39285.80883,1040944.431,3165172,119455.3123,0.071064505,0.216083949
382,2,2017,Resakss,Rwanda,Gatsibo,Gatsibo,505981,41182.87284,1040944.431,3165172,125223.6643,0.081392133,0.247486891
383,2,2017,Resakss,Rwanda,Kayonza,Kayonza,405536,48663.79388,1040944.431,3165172,147970.7016,0.119998703,0.364876858
384,2,2017,Resakss,Rwanda,Kirehe,Kirehe,398746,37386.09522,1040944.431,3165172,113678.9038,0.093759173,0.28509102
385,2,2017,Resakss,Rwanda,Ngoma,Ngoma,389943,57503.85699,1040944.431,3165172,174850.446,0.14746734,0.448400012
386,2,2017,Resakss,Rwanda,Bugesera,Bugesera,425615,50850.20882,1040944.431,3165172,154618.8753,0.119474663,0.363283426
387,2,2017,Resakss,Rwanda,Nyamasheke,Nyamasheke,449009,77945.67859,1040944.431,3165172,237007.3484,0.173594914,0.527845429
388,2,2014,Resakss,United Republic of Tanzania,Pwani,Pwani,1200161,348522,5886444,4992759,295609.0897,0.290396039,0.246307862
389,2,2014,Resakss,United Republic of Tanzania,Simiyu,Simiyu,1735524,40211,5886444,4992759,34106.13133,0.023169371,0.019651777
390,2,2014,Resakss,United Republic of Tanzania,Geita,Geita,1910788,366714,5886444,4992759,311039.1645,0.19191768,0.162780572
391,2,2014,Resakss,United Republic of Tanzania,Singida,Singida,1460980,127305,5886444,4992759,107977.4452,0.087136716,0.073907545
392,2,2014,Resakss,United Republic of Tanzania,Iringa,Iringa,946096,25901,5886444,4992759,21968.68786,0.027376714,0.023220358
393,2,2014,Resakss,United Republic of Tanzania,Rukwa,Rukwa,1077524,143893,5886444,4992759,122047.0408,0.133540413,0.113266192
394,2,2014,Resakss,United Republic of Tanzania,Kagera,Kagera,2653324,877019,5886444,4992759,743869.2198,0.330535962,0.280353707
395,2,2014,Resakss,United Republic of Tanzania,Kigoma,Kigoma,2182337,61110,5886444,4992759,51832.22715,0.028002091,0.02375079
396,2,2014,Resakss,United Republic of Tanzania,Lindi,Lindi,951471,113490,5886444,4992759,96259.85041,0.119278465,0.101169505
397,2,2014,Resakss,United Republic of Tanzania,Dar es salaam,Dar es salaam,850787,106683,5886444,4992759,90486.29502,0.125393312,0.106355992
398,2,2014,Resakss,United Republic of Tanzania,Dodoma,Dodoma,2164370,48714,5886444,4992759,41318.19855,0.022507242,0.019090173
399,2,2014,Resakss,United Republic of Tanzania,Tanga,Tanga,2035816,277218,5886444,4992759,235130.5244,0.136170459,0.115496943
400,2,2014,Resakss,United Republic of Tanzania,Mtwara,Mtwara,1332326,484296,5886444,4992759,410769.764,0.363496622,0.308310251
401,2,2014,Resakss,United Republic of Tanzania,Njombe,Njombe,745467,149376,5886444,4992759,126697.607,0.200379091,0.169957365
402,2,2014,Resakss,United Republic of Tanzania,Tabora,Tabora,2374087,209517,5886444,4992759,177707.9485,0.08825161,0.074853175
403,2,2014,Resakss,United Republic of Tanzania,Kilimanjaro,Kilimanjaro,1617914,89655,5886444,4992759,76043.50065,0.055413947,0.047000953
404,2,2014,Resakss,United Republic of Tanzania,Shinyanga,Shinyanga,1621275,145419,5886444,4992759,123341.3621,0.089694222,0.076076768
405,2,2014,Resakss,United Republic of Tanzania,Mara,Mara,1714836,320013,5886444,4992759,271428.3506,0.186614347,0.158282396
406,2,2014,Resakss,United Republic of Tanzania,Ruvuma,Ruvuma,1436845,390477,5886444,4992759,331194.4454,0.271760002,0.230501164
407,2,2014,Resakss,United Republic of Tanzania,Mwanza,Mwanza,2536877,236249,5886444,4992759,200381.4733,0.093125918,0.078987461
408,2,2014,Resakss,United Republic of Tanzania,Mbeya,Mbeya,2560369,214815,5886444,4992759,182201.6016,0.083900016,0.071162243
409,2,2014,Resakss,United Republic of Tanzania,Arusha,Arusha,1504381,8781,5886444,4992759,7447.861014,0.005836952,0.004950781
410,2,2014,Resakss,United Republic of Tanzania,Morogoro,Morogoro,2199453,790470,5886444,4992759,670460.1635,0.359393904,0.304830412
411,2,2014,Resakss,United Republic of Tanzania,Katavi,Katavi,562402,78147,5886444,4992759,66282.65513,0.138952209,0.117856365
412,2,2014,Resakss,United Republic of Tanzania,Manyara,Manyara,1521266,232449,5886444,4992759,197158.3925,0.152799708,0.129601524
413,2,2014,Resakss,United Republic of Tanzania,Kusini Pemba,Kusini Pemba,207420,0,5886444,4992759,0,0,0
414,2,2014,Resakss,United Republic of Tanzania,Kaskazini Unguja,Kaskazini Unguja,149905,0,5886444,4992759,0,0,0
415,2,2014,Resakss,United Republic of Tanzania,Kusini Unguja,Kusini Unguja,125342,0,5886444,4992759,0,0,0
416,2,2014,Resakss,United Republic of Tanzania,Mjini Magharibi,Mjini Magharibi,205228,0,5886444,4992759,0,0,0
417,2,2014,Resakss,United Republic of Tanzania,Kaskazini Pemba,Kaskazini Pemba,213867,0,5886444,4992759,0,0,0
418,2,2014,Resakss,Malawi,Balaka,Balaka,399601,18714,5240201,5012763,17901.76499,0.046831715,0.0447991
419,2,2014,Resakss,Malawi,Blantyre,Blantyre,633886,53003,5240201,5012763,50702.53551,0.083615981,0.079986836
420,2,2014,Resakss,Malawi,Chikwawa,Chikwawa,549017,11562,5240201,5012763,11060.17991,0.021059457,0.020145423
421,2,2014,Resakss,Malawi,Chiradzulu,Chiradzulu,377959,62304,5240201,5012763,59599.84855,0.164843277,0.157688661
422,2,2014,Resakss,Malawi,Chitipa,Chitipa,246020,141876,5240201,5012763,135718.2221,0.576684822,0.55165524
423,2,2014,Resakss,Malawi,Dedza,Dedza,823413,125415,5240201,5012763,119971.6712,0.152311173,0.145700482
424,2,2014,Resakss,Malawi,Dowa,Dowa,747777,168003,5240201,5012763,160711.2441,0.224669922,0.214918678
425,2,2014,Resakss,Malawi,Karonga,Karonga,353525,397846,5240201,5012763,380578.4756,1.125368786,1.076524929
426,2,2014,Resakss,Malawi,Kasungu,Kasungu,800222,350977,5240201,5012763,335743.709,0.438599539,0.419563207
427,2,2014,Resakss,Malawi,Likoma,Likoma,11441,1589,5240201,5012763,1520.033374,0.138886461,0.132858437
428,2,2014,Resakss,Malawi,Lilongwe,Lilongwe,1992341,211245,5240201,5012763,202076.4318,0.106028536,0.101426629
429,2,2014,Resakss,Malawi,Machinga,Machinga,637978,76073,5240201,5012763,72771.23906,0.119240789,0.114065437
430,2,2014,Resakss,Malawi,Mangochi,Mangochi,995741,128478,5240201,5012763,122901.7293,0.129027528,0.123427407
431,2,2014,Resakss,Malawi,Mchinji,Mchinji,587598,85101,5240201,5012763,81407.40099,0.144828607,0.138542679
432,2,2014,Resakss,Malawi,Mulanje,Mulanje,628871,421609,5240201,5012763,403310.1012,0.670422074,0.641324057
433,2,2014,Resakss,Malawi,Mwanza,Mwanza,102938,126202,5240201,5012763,120724.5135,1.226000117,1.172788605
434,2,2014,Resakss,Malawi,Mzimba,Mzimba,1078103,424994,5240201,5012763,406548.1836,0.394205377,0.377095865
435,2,2014,Resakss,Malawi,Neno,Neno,135005,30970,5240201,5012763,29625.82353,0.229398911,0.219442417
436,2,2014,Resakss,Malawi,Nkhata Bay,Nkhata Bay,293731,734915,5240201,5012763,703017.827,2.502000129,2.393406985
437,2,2014,Resakss,Malawi,Nkhotakota,Nkhotakota,384338,837346,5240201,5012763,801003.0621,2.178670857,2.084111022
438,2,2014,Resakss,Malawi,Nsanje,Nsanje,307295,8602,5240201,5012763,8228.651406,0.027992646,0.026777694
439,2,2014,Resakss,Malawi,Ntcheu,Ntcheu,606983,44497,5240201,5012763,42565.71746,0.073308478,0.070126704
440,2,2014,Resakss,Malawi,Ntchisi,Ntchisi,290742,41116,5240201,5012763,39331.46143,0.141417477,0.1352796
441,2,2014,Resakss,Malawi,Phalombe,Phalombe,377416,85872,5240201,5012763,82144.93763,0.227526125,0.217650915
442,2,2014,Resakss,Malawi,Rumphi,Rumphi,214509,62488,5240201,5012763,59775.86248,0.291307125,0.278663657
443,2,2014,Resakss,Malawi,Salima,Salima,448826,28709,5240201,5012763,27462.95666,0.063964654,0.061188426
444,2,2014,Resakss,Malawi,Thyolo,Thyolo,760352,360089,5240201,5012763,344460.2251,0.473581973,0.453027315
445,2,2014,Resakss,Malawi,Zomba,Zomba,830020,200606,5240201,5012763,191899.1913,0.241688152,0.231198274
446,1,2015,Resakss,Guinea,Boke,Boke,1158336,96216.18829,1506659,1308948,83590.23988,0.083064144,0.07216407
447,1,2015,Resakss,Guinea,Conakry,Conakry,124651,0,1506659,1308948,0,0,0
448,1,2015,Resakss,Guinea,Faranah,Faranah,968301,63454.92137,1506659,1308948,55128.06309,0.065532227,0.056932775
449,1,2015,Resakss,Guinea,Kankan,Kankan,1960427,429582.5969,1506659,1308948,373210.7139,0.219127056,0.190372156
450,1,2015,Resakss,Guinea,Kindia,Kindia,1522466,193223.1415,1506659,1308948,167867.4767,0.126914586,0.110260247
451,1,2015,Resakss,Guinea,Labe,Labe,1019393,255475.1844,1506659,1308948,221950.5088,0.250615008,0.217728108
452,1,2015,Resakss,Guinea,Mamou,Mamou,744299,215713.2704,1506659,1308948,187406.3434,0.289820718,0.251789057
453,1,2015,Resakss,Guinea,Nzerekore,Nzerekore,1583362,252993.6972,1506659,1308948,219794.6542,0.1597826,0.138815163
454,1,2010,Resakss,Cameroon,Adamaoua,Adamaoua,1137481,165171,3808239,4917263,213271.6058,0.1452077,0.187494653
455,1,2010,Resakss,Cameroon,Centre,Centre,1964383,1198080,3808239,4917263,1546981.283,0.60990143,0.787515104
456,1,2010,Resakss,Cameroon,Est,Est,903505,805357,3808239,4917263,1039890.663,0.891369721,1.150951752
457,1,2010,Resakss,Cameroon,ExtrêmeNord,ExtrêmeNord,3278226,5257,3808239,4917263,6787.927856,0.001603611,0.00207061
458,1,2010,Resakss,Cameroon,Littoral,Littoral,987071,311123,3808239,4917263,401727.3118,0.315198197,0.406989276
459,1,2010,Resakss,Cameroon,NordOuest,NordOuest,1789001,110708,3808239,4917263,142948.0535,0.061882581,0.079903842
460,1,2010,Resakss,Cameroon,Nord,Nord,1894935,29642,3808239,4917263,38274.25481,0.015642753,0.020198189
461,1,2010,Resakss,Cameroon,Ouest,Ouest,1710127,121634,3808239,4917263,157055.8906,0.071125712,0.091838729
462,1,2010,Resakss,Cameroon,Sud-ouest,Sud-ouest,1187485,430694,3808239,4917263,556119.4217,0.362694266,0.468317008
463,1,2010,Resakss,Cameroon,Sud,Sud,775334,630573,3808239,4917263,814206.5878,0.813292078,1.050136571
464,1,2015,Resakss,"Congo,  Dem Republic of",Equateur,Equateur,7601803,4062439,34887798,14741190,1716508.023,0.534404667,0.22580275
465,1,2015,Resakss,"Congo,  Dem Republic of",Orientale,Orientale,8338981,4589893,34887798,14741190,1939373.898,0.550414133,0.232567252
466,1,2015,Resakss,"Congo,  Dem Republic of",Nord-Kivu,Nord-Kivu,4331960,733544,34887798,14741190,309945.3705,0.16933305,0.07154853
467,1,2015,Resakss,"Congo,  Dem Republic of",Maniema,Maniema,1926134,1654743,34887798,14741190,699180.8702,0.859100665,0.362997003
468,1,2015,Resakss,"Congo,  Dem Republic of",Sud-Kivu,Sud-Kivu,3508258,1351817,34887798,14741190,571185.1244,0.385324283,0.162811607
469,1,2015,Resakss,"Congo,  Dem Republic of",Katanga,Katanga,5524086,6521561,34887798,14741190,2755564.275,1.180568333,0.498827186
470,1,2015,Resakss,"Congo,  Dem Republic of",Kasai Oriental,Kasai Oriental,5135382,2745551,34887798,14741190,1160081.497,0.53463423,0.225899748
471,1,2015,Resakss,"Congo,  Dem Republic of",Kasai Occidental,Kasai Occidental,5326940,2298439,34887798,14741190,971162.6398,0.431474543,0.182311541
472,1,2015,Resakss,"Congo,  Dem Republic of",Bandundu,Bandundu,8535781,7726668,34887798,14741190,3264759.818,0.90520926,0.382479332
473,1,2015,Resakss,"Congo,  Dem Republic of",Bas-Congo,Bas-Congo,4269782,3178692,34887798,14741190,1343097.169,0.744462364,0.314558722
474,1,2015,Resakss,"Congo,  Dem Republic of",Kinshasa,Kinshasa,1269841,24451,34887798,14741190,10331.31517,0.019255167,0.008135912
