ID,AdmLevel,Year,Source,Country,Region_code,Region,PopRural,HA,CountryHA_Sum,Country_HA_FAOSTAT14,HA_FAO14adj,HA_PerCapita,HA_PerCapita_FAO14Adj
1,1,2012,Agro-MAPS,Angola,AGO001,Bengo,337634,38565.3,1062864.57,755874,27426.36117,0.114222205,0.081231041
2,1,2012,Agro-MAPS,Angola,AGO002,Benguela,1393577,59654.28,1062864.57,755874,42424.14369,0.042806591,0.030442626
3,1,2012,Agro-MAPS,Angola,AGO003,Bie,1199208,70435.31,1062864.57,755874,50091.25435,0.058734857,0.04177028
4,1,2012,Agro-MAPS,Angola,AGO004,Cabinda,308578,61747.02,1062864.57,755874,43912.43091,0.200101822,0.142305773
5,1,2012,Agro-MAPS,Angola,AGO005,Cuando Cubango,454469,17641.21,1062864.57,755874,12545.84295,0.038817191,0.027605498
6,1,2012,Agro-MAPS,Angola,AGO006,Cuanza Norte,408037,72309.5,1062864.57,755874,51424.11606,0.177213096,0.126028071
7,1,2012,Agro-MAPS,Angola,AGO007,Cuanza Sul,1692413,72882.46,1062864.57,755874,51831.58619,0.043064228,0.03062585
8,1,2012,Agro-MAPS,Angola,AGO008,Cunene,921774,3525.89,1062864.57,755874,2507.495925,0.003825113,0.002720294
9,1,2012,Agro-MAPS,Angola,AGO009,Huambo,1544358,10588.49,1062864.57,755874,7530.182599,0.006856241,0.004875931
10,1,2012,Agro-MAPS,Angola,AGO010,Huila,1806684,35754.39,1062864.57,755874,25427.33529,0.019790063,0.014074036
11,1,2012,Agro-MAPS,Angola,AGO011,Luanda,1500628,1812.03,1062864.57,755874,1288.655585,0.001207514,0.000858744
12,1,2012,Agro-MAPS,Angola,AGO012,Lunda Norte,682982,79870.25,1062864.57,755874,56801.07048,0.116943419,0.083166277
13,1,2012,Agro-MAPS,Angola,AGO013,Lunda Sul,431646,85113.23,1062864.57,755874,60529.70381,0.197182946,0.140229966
14,1,2012,Agro-MAPS,Angola,AGO014,Malanje,968034,142551.9,1062864.57,755874,101378.1792,0.147259187,0.104725846
15,1,2012,Agro-MAPS,Angola,AGO015,Moxico,694572,87805.77,1062864.57,755874,62444.54888,0.126417089,0.089903637
16,1,2012,Agro-MAPS,Angola,AGO016,Namibe,176678,4906.57,1062864.57,755874,3489.389709,0.027771256,0.019749996
17,1,2012,Agro-MAPS,Angola,AGO017,Uige,1342344,183085.8,1062864.57,755874,130204.5434,0.136392609,0.096997896
18,1,2012,Agro-MAPS,Angola,AGO018,Zaire,316401,34615.17,1062864.57,755874,24617.15984,0.109402846,0.077803673
19,2,2017,Resakss,Benin,Abomey,Abomey,49035,1303,264208.9336,296641,1462.945321,0.026572856,0.029834716
20,2,2017,Resakss,Benin,Abomey-Calavi,Abomey-Calavi,439226,6150,264208.9336,296641,6904.922273,0.014001903,0.015720659
21,2,2017,Resakss,Benin,Adja-Oučrč,Adja-Oučrč,115943,8322.349235,264208.9336,296641,9343.930828,0.071779661,0.080590728
22,2,2017,Resakss,Benin,Adjara,Adjara,75596,387.888958,264208.9336,296641,435.502944,0.005131078,0.005760926
23,2,2017,Resakss,Benin,Adjohoun,Adjohoun,76360,4383,264208.9336,296641,4921.020215,0.057399162,0.064445
24,2,2017,Resakss,Benin,Agbangnizoun,Agbangnizoun,80844,826.641067,264208.9336,296641,928.1125715,0.010225138,0.01148029
25,2,2017,Resakss,Benin,Aguégués,Aguégués,25067,2408,264208.9336,296641,2703.585826,0.096062552,0.107854383
26,2,2017,Resakss,Benin,Akpro-Missérété,Akpro-Missérété,53553,58,264208.9336,296641,65.11959216,0.001083039,0.001215984
27,2,2017,Resakss,Benin,Allada,Allada,112316,687,264208.9336,296641,771.3303417,0.006116671,0.006867502
28,2,2017,Resakss,Benin,Aplahoué,Aplahoué,150261,3370,264208.9336,296641,3783.672855,0.022427643,0.025180671
29,2,2017,Resakss,Benin,Athiémé,Athiémé,44555,2975,264208.9336,296641,3340.185977,0.066771406,0.074967702
30,2,2017,Resakss,Benin,Avrankou,Avrankou,64864,175,264208.9336,296641,196.4815281,0.002697953,0.003029131
31,2,2017,Resakss,Benin,Banikoara,Banikoara,230178,1750,264208.9336,296641,1964.815281,0.007602812,0.008536069
32,2,2017,Resakss,Benin,Bantč,Bantč,105516,120,264208.9336,296641,134.7301907,0.001137268,0.00127687
33,2,2017,Resakss,Benin,Bassila,Bassila,131419,4490,264208.9336,296641,5041.154635,0.034165532,0.038359405
34,2,2017,Resakss,Benin,Bembéréké,Bembéréké,127091,3075,264208.9336,296641,3452.461136,0.024195262,0.027165268
35,2,2017,Resakss,Benin,Bohicon,Bohicon,63867,1250,264208.9336,296641,1403.439486,0.019571923,0.021974408
36,2,2017,Resakss,Benin,Bonou,Bonou,39973,1357,264208.9336,296641,1523.573906,0.033947915,0.038115075
37,2,2017,Resakss,Benin,Bopa,Bopa,100528,1880,264208.9336,296641,2110.772987,0.018701257,0.020996866
38,2,2017,Resakss,Benin,Boukoumbé,Boukoumbé,74992,2469,264208.9336,296641,2772.073673,0.032923512,0.036964925
39,2,2017,Resakss,Benin,Cobly,Cobly,61639,2395.3,264208.9336,296641,2689.326881,0.038860137,0.043630281
40,2,2017,Resakss,Benin,Comč,Comč,55718,1606.3,264208.9336,296641,1803.475877,0.028829104,0.032367922
41,2,2017,Resakss,Benin,Copargo,Copargo,71171,1559,264208.9336,296641,1750.369727,0.021904989,0.024593862
42,2,2017,Resakss,Benin,Cotonou,Cotonou,56951,3080,264208.9336,296641,3458.074894,0.054081579,0.060720179
43,2,2017,Resakss,Benin,Dangbo,Dangbo,75402,2321,264208.9336,296641,2605.906438,0.030781677,0.034560177
44,2,2017,Resakss,Benin,Dassa-Zoumč,Dassa-Zoumč,103085,958,264208.9336,296641,1075.596022,0.009293302,0.010434069
45,2,2017,Resakss,Benin,Djakotomč,Djakotomč,127185,7422,264208.9336,296641,8333.062294,0.058355938,0.065519222
46,2,2017,Resakss,Benin,Djidja,Djidja,130229,2617,264208.9336,296641,2938.240909,0.02009537,0.022562109
47,2,2017,Resakss,Benin,Djoudjou,Djoudjou,160261,6829,264208.9336,296641,7667.270602,0.04261174,0.047842398
48,2,2017,Resakss,Benin,Dogbo,Dogbo,96085,3950,264208.9336,296641,4434.868777,0.041109434,0.046155683
49,2,2017,Resakss,Benin,Glazoué,Glazoué,118992,1918,264208.9336,296641,2153.437548,0.016118731,0.01809733
50,2,2017,Resakss,Benin,Gogounou,Gogounou,120255,7422,264208.9336,296641,8333.062294,0.061718847,0.069294934
51,2,2017,Resakss,Benin,Grand-Popo,Grand-Popo,68463,907,264208.9336,296641,1018.335691,0.013248032,0.014874249
52,2,2017,Resakss,Benin,Houéyogbé,Houéyogbé,93318,136,264208.9336,296641,152.6942161,0.001457382,0.001636278
53,2,2017,Resakss,Benin,Ifangni,Ifangni,128224,4658,264208.9336,296641,5229.776902,0.036327053,0.040786256
54,2,2017,Resakss,Benin,Kalalé,Kalalé,171133,850,264208.9336,296641,954.3388507,0.004966897,0.005576592
55,2,2017,Resakss,Benin,Kandi,Kandi,140014,125,264208.9336,296641,140.3439486,0.000892768,0.001002357
56,2,2017,Resakss,Benin,Karimama,Karimama,76252,30,264208.9336,296641,33.68254767,0.000393432,0.000441727
57,2,2017,Resakss,Benin,Kérou,Kérou,97572,6905.6,264208.9336,296641,7753.273373,0.070774402,0.079462073
58,2,2017,Resakss,Benin,Kétou,Kétou,143352,8202.6,264208.9336,296641,9209.482184,0.05721999,0.064243835
59,2,2017,Resakss,Benin,Klouékanmč,Klouékanmč,113783,1131,264208.9336,296641,1269.832047,0.009939973,0.011160121
60,2,2017,Resakss,Benin,Kouandé,Kouandé,117961,5267.5,264208.9336,296641,5914.093995,0.044654589,0.050136011
61,2,2017,Resakss,Benin,Kpomassč,Kpomassč,79473,5643,264208.9336,296641,6335.687217,0.071005247,0.079721254
62,2,2017,Resakss,Benin,Lallo,Lallo,145044,1832,264208.9336,296641,2056.880911,0.01263065,0.014181082
63,2,2017,Resakss,Benin,Lokossa,Lokossa,93520,3236,264208.9336,296641,3633.224142,0.034602224,0.038849702
64,2,2017,Resakss,Benin,Malanville,Malanville,118001,30,264208.9336,296641,33.68254767,0.000254235,0.000285443
65,2,2017,Resakss,Benin,Matéri,Matéri,116260,6,264208.9336,296641,6.736509534,5.16E-05,5.79E-05
66,2,2017,Resakss,Benin,Natitingou,Natitingou,88868,2941,264208.9336,296641,3302.012423,0.033094027,0.037156372
67,2,2017,Resakss,Benin,N'Dali,N'Dali,112924,1103,264208.9336,296641,1238.395003,0.009767631,0.010966624
68,2,2017,Resakss,Benin,Nikki,Nikki,144838,1905,264208.9336,296641,2138.841777,0.013152626,0.014767131
69,2,2017,Resakss,Benin,Ouaké,Ouaké,77910,1084,264208.9336,296641,1217.062723,0.01391349,0.015621393
70,2,2017,Resakss,Benin,Oučssč,Oučssč,117996,31025,264208.9336,296641,34833.36805,0.262932642,0.295208041
71,2,2017,Resakss,Benin,Ouidah,Ouidah,73595,1399,264208.9336,296641,1570.729473,0.019009444,0.021342883
72,2,2017,Resakss,Benin,Ouinhi,Ouinhi,69567,8185,264208.9336,296641,9189.721756,0.11765636,0.132098865
73,2,2017,Resakss,Benin,Parakou,Parakou,131604,1050,264208.9336,296641,1178.889168,0.007978481,0.008957852
74,2,2017,Resakss,Benin,Péhunco,Péhunco,78677,2971.8,264208.9336,296641,3336.593172,0.037772157,0.042408749
75,2,2017,Resakss,Benin,Pčrčrč,Pčrčrč,73768,4500,264208.9336,296641,5052.382151,0.061002061,0.06849016
76,2,2017,Resakss,Benin,Pobč,Pobč,96086,6515.618261,264208.9336,296641,7315.420756,0.067810277,0.076134096
77,2,2017,Resakss,Benin,Porto-Novo,Porto-Novo,44093,16.562994,264208.9336,296641,18.59612783,0.000375638,0.000421748
78,2,2017,Resakss,Benin,Sakété,Sakété,94341,6466.37305,264208.9336,296641,7260.130617,0.068542554,0.076956261
79,2,2017,Resakss,Benin,Savalou,Savalou,151686,8232,264208.9336,296641,9242.491081,0.054270005,0.060931735
80,2,2017,Resakss,Benin,Savč,Savč,74228,2895,264208.9336,296641,3250.36585,0.039001455,0.043788946
81,2,2017,Resakss,Benin,Ségbana,Ségbana,91126,1305,264208.9336,296641,1465.190824,0.01432083,0.016078735
82,2,2017,Resakss,Benin,Sčmč-Podji,Sčmč-Podji,189961,127,264208.9336,296641,142.5894518,0.000668558,0.000750625
83,2,2017,Resakss,Benin,Sinendé,Sinendé,90816,3500,264208.9336,296641,3929.630562,0.038539464,0.043270245
84,2,2017,Resakss,Benin,Sô-Ava,Sô-Ava,18097,267,264208.9336,296641,299.7746743,0.014753827,0.016564882
85,2,2017,Resakss,Benin,Tanguiéta,Tanguiéta,75948,2578.9,264208.9336,296641,2895.464073,0.033956128,0.038124297
86,2,2017,Resakss,Benin,Tchaourou,Tchaourou,199517,6150,264208.9336,296641,6904.922273,0.030824441,0.03460819
87,2,2017,Resakss,Benin,Toffo,Toffo,98535,20457,264208.9336,296641,22968.12926,0.207611509,0.233096151
88,2,2017,Resakss,Benin,Tori-Bossito,Tori-Bossito,61791,1555,264208.9336,296641,1745.878721,0.025165477,0.028254579
89,2,2017,Resakss,Benin,Toukountouna,Toukountouna,43549,2607.5,264208.9336,296641,2927.574768,0.059875083,0.067224845
90,2,2017,Resakss,Benin,Toviklin,Toviklin,63912,1470,264208.9336,296641,1650.444836,0.023000376,0.025823708
91,2,2017,Resakss,Benin,Zagnanado,Zagnanado,118846,2862,264208.9336,296641,3213.315048,0.024081585,0.027037637
92,2,2017,Resakss,Benin,Za-Kpota,Za-Kpota,55292,1202,264208.9336,296641,1349.54741,0.02173913,0.024407643
93,2,2017,Resakss,Benin,Zč,Zč,105778,7091,264208.9336,296641,7961.431518,0.067036624,0.075265476
94,2,2017,Resakss,Benin,Zogbodomč,Zogbodomč,98783,4273,264208.9336,296641,4797.51754,0.043256431,0.048566226
95,0,2014,FAO,Burkina Faso,Burkina Faso,Burkina Faso,15986647,2987,2987,2987,2987,0.000186843,0.000186843
96,1,2008,IITA,Burundi,BDI001,Bubanza,431023,6927,63998,304546,32963.37607,0.016071068,0.07647707
97,1,2008,IITA,Burundi,BDI002,Bujumbura,769396,5845,63998,304546,27814.48436,0.007596868,0.036151064
98,1,2008,IITA,Burundi,BDI003,Bururi,738059,4327,63998,304546,20590.80818,0.005862675,0.027898594
99,1,2008,IITA,Burundi,BDI004,Cankuzo,281589,1014,63998,304546,4825.301478,0.003600993,0.017135973
100,1,2008,IITA,Burundi,BDI005,Cibitoke,585286,6597,63998,304546,31393.01169,0.011271413,0.053637045
101,1,2008,IITA,Burundi,BDI006,Gitega,844902,9680,63998,304546,46064.022,0.01145695,0.054519959
102,1,2008,IITA,Burundi,BDI007,Karuzi,555692,3509,63998,304546,16698.20798,0.006314649,0.030049394
103,1,2008,IITA,Burundi,BDI008,Kayanza,731779,4595,63998,304546,21866.13441,0.006279218,0.02988079
104,1,2008,IITA,Burundi,BDI009,Kirundo,834242,NA,63998,304546,NA,0.00671764,0.031967097
105,1,2008,IITA,Burundi,BDI010,Makamba,536959,3202,63998,304546,15237.29323,0.005963211,0.028377014
106,1,2008,IITA,Burundi,BDI011,Muramviya,806186,3656,63998,304546,17397.73393,0.004534934,0.021580298
107,1,2008,IITA,Burundi,BDI012,Muyinga,749055,5059,63998,304546,24074.16191,0.006753843,0.032139378
108,1,2008,IITA,Burundi,BDI013,Ngozi,824224,5507,63998,304546,26206.05053,0.006681436,0.031794816
109,1,2008,IITA,Burundi,BDI014,Rutana,412511,2250,63998,304546,10707.02991,0.0054544,0.025955744
110,1,2008,IITA,Burundi,BDI015,Ruyigi,486669,1830,63998,304546,8708.384325,0.003760256,0.017893855
111,2,2008,Resakss,Cameroon,Bamboutos,Bamboutos,239152,1136,205910,326342,1800.420145,0.004750117,0.007528351
112,2,2008,Resakss,Cameroon,Bénoué,Bénoué,798308,872,205910,326342,1382.012646,0.00109231,0.001731177
113,2,2008,Resakss,Cameroon,Boumba et Ngoko,Boumba et Ngoko,145266,6645,205910,326342,10531.50692,0.04574367,0.072498086
114,2,2008,Resakss,Cameroon,Boyo,Boyo,149458,212,205910,326342,335.9939002,0.001418459,0.002248082
115,2,2008,Resakss,Cameroon,Bui,Bui,362762,117,205910,326342,185.4305959,0.000322526,0.000511163
116,2,2008,Resakss,Cameroon,Diamaré,Diamaré,551620,101,205910,326342,160.0725657,0.000183097,0.000290186
117,2,2008,Resakss,Cameroon,Dja et Lobo,Dja et Lobo,256292,4729,205910,326342,7494.882803,0.01845161,0.02924353
118,2,2008,Resakss,Cameroon,Djerem,Djerem,164121,5451,205910,326342,8639.163916,0.0332133,0.052638991
119,2,2008,Resakss,Cameroon,Donga Mantung,Donga Mantung,315835,561,205910,326342,889.1159341,0.001776244,0.002815128
120,2,2008,Resakss,Cameroon,Fako,Fako,270448,2068,205910,326342,3277.525404,0.007646572,0.012118875
121,2,2008,Resakss,Cameroon,Faro,Faro,102725,251,205910,326342,397.8040989,0.002443417,0.003872515
122,2,2008,Resakss,Cameroon,Faro et Déo,Faro et Déo,106440,963,205910,326342,1526.236443,0.009047351,0.014338937
123,2,2008,Resakss,Cameroon,Haut Nkam,Haut Nkam,130764,1290,205910,326342,2044.491185,0.0098651,0.01563497
124,2,2008,Resakss,Cameroon,Haut Nyong,Haut Nyong,234193,9406,205910,326342,14907.35201,0.040163455,0.063654131
125,2,2008,Resakss,Cameroon,Haute Sanaga,Haute Sanaga,136745,5393,205910,326342,8547.241057,0.039438371,0.062504962
126,2,2008,Resakss,Cameroon,Hauts Plateaux,Hauts Plateaux,100389,1296,205910,326342,2054.000447,0.012909781,0.020460413
127,2,2008,Resakss,Cameroon,Kadey,Kadey,208190,8245,205910,326342,13067.30994,0.039603247,0.062766271
128,2,2008,Resakss,Cameroon,Koung Khi,Koung Khi,82014,369,205910,326342,584.8195717,0.004499232,0.007130729
129,2,2008,Resakss,Cameroon,Koupé Manengouba,Koupé Manengouba,124576,1104,205910,326342,1749.704084,0.00886206,0.014045274
130,2,2008,Resakss,Cameroon,Lebialem,Lebialem,102133,2796,205910,326342,4431.315779,0.027376068,0.043387698
131,2,2008,Resakss,Cameroon,Lekié,Lekié,379791,9119,205910,326342,14452.49234,0.024010574,0.038053804
132,2,2008,Resakss,Cameroon,Logone et Chari,Logone et Chari,490472,98,205910,326342,155.317935,0.000199808,0.00031667
133,2,2008,Resakss,Cameroon,Lom et Djerem,Lom et Djerem,315856,12004,205910,326342,19024.86216,0.03800466,0.060232708
134,2,2008,Resakss,Cameroon,Manyu,Manyu,229837,6247,205910,326342,9900.725919,0.027180132,0.043077163
135,2,2008,Resakss,Cameroon,Mayo Banyo,Mayo Banyo,238478,671,205910,326342,1063.452392,0.002813677,0.004459331
136,2,2008,Resakss,Cameroon,Mayo Danay,Mayo Danay,621453,0,205910,326342,0,0,0
137,2,2008,Resakss,Cameroon,Mayo Kani,Mayo Kani,514059,45,205910,326342,71.31945996,8.75E-05,0.000138738
138,2,2008,Resakss,Cameroon,Mayo Louti,Mayo Louti,457065,12,205910,326342,19.01852266,2.63E-05,4.16E-05
139,2,2008,Resakss,Cameroon,Mayo Rey,Mayo Rey,536837,143,205910,326342,226.637395,0.000266375,0.000422172
140,2,2008,Resakss,Cameroon,Mayo Sava,Mayo Sava,372759,0,205910,326342,0,0,0
141,2,2008,Resakss,Cameroon,Mayo Tsanaga,Mayo Tsanaga,727863,278,205910,326342,440.5957749,0.00038194,0.000605328
142,2,2008,Resakss,Cameroon,Mbam et Inoubou,Mbam et Inoubou,240008,9369,205910,326342,14848.71156,0.039036199,0.061867569
143,2,2008,Resakss,Cameroon,Mbam et Kim,Mbam et Kim,153727,14520,205910,326342,23012.41241,0.094453154,0.149696621
144,2,2008,Resakss,Cameroon,Mbéré,Mbéré,230572,1317,205910,326342,2087.282861,0.005711882,0.009052629
145,2,2008,Resakss,Cameroon,Mefou et Afamba,Mefou et Afamba,164538,7614,205910,326342,12067.25262,0.046275025,0.073340217
146,2,2008,Resakss,Cameroon,Mefou et Akono,Mefou et Akono,83502,4378,205910,326342,6938.591015,0.052429882,0.083094908
147,2,2008,Resakss,Cameroon,Meme,Meme,309426,2616,205910,326342,4146.037939,0.008454364,0.013399126
148,2,2008,Resakss,Cameroon,Menchum,Menchum,196810,1296,205910,326342,2054.000447,0.006585031,0.010436464
149,2,2008,Resakss,Cameroon,Menoua,Menoua,272479,1012,205910,326342,1603.895411,0.003714048,0.005886308
150,2,2008,Resakss,Cameroon,Mezam,Mezam,401957,3198,205910,326342,5068.436288,0.007956075,0.012609399
151,2,2008,Resakss,Cameroon,Mfoundi,Mfoundi,330380,2181,205910,326342,3456.616493,0.006601489,0.010462548
152,2,2008,Resakss,Cameroon,Mifi,Mifi,215548,1154,205910,326342,1828.947929,0.005353796,0.008485107
153,2,2008,Resakss,Cameroon,Momo,Momo,159540,452,205910,326342,716.3643534,0.002833145,0.004490186
154,2,2008,Resakss,Cameroon,Moungo,Moungo,364813,8298,205910,326342,13151.30842,0.0227459,0.036049451
155,2,2008,Resakss,Cameroon,Mvila,Mvila,185530,8422,205910,326342,13347.83315,0.045394276,0.071944339
156,2,2008,Resakss,Cameroon,Ndé,Ndé,116676,554,205910,326342,878.0217959,0.004748192,0.007525299
157,2,2008,Resakss,Cameroon,Ndian,Ndian,151065,4063,205910,326342,6439.354796,0.026895707,0.042626385
158,2,2008,Resakss,Cameroon,Ngo Ketunjia,Ngo Ketunjia,202639,209,205910,326342,331.2392696,0.001031391,0.001634627
159,2,2008,Resakss,Cameroon,Nkam,Nkam,50031,1891,205910,326342,2997.002195,0.037796566,0.059902904
160,2,2008,Resakss,Cameroon,Noun,Noun,553105,2688,205910,326342,4260.149075,0.004859837,0.007702243
161,2,2008,Resakss,Cameroon,Nyong et Kéllé,Nyong et Kéllé,176425,8791,205910,326342,13932.65272,0.049828539,0.0789721
162,2,2008,Resakss,Cameroon,Nyong et Mfoumou,Nyong et Mfoumou,141890,6399,205910,326342,10141.62721,0.045098316,0.071475278
163,2,2008,Resakss,Cameroon,Nyong et So'o,Nyong et So'o,157377,3540,205910,326342,5610.464183,0.022493757,0.035649836
164,2,2008,Resakss,Cameroon,Océan,Océan,230494,9997,205910,326342,15844.01425,0.043372062,0.068739378
165,2,2008,Resakss,Cameroon,Sanaga Maritime,Sanaga Maritime,221733,3193,205910,326342,5060.511903,0.014400202,0.022822547
166,2,2008,Resakss,Cameroon,Vallée du Ntem,Vallée du Ntem,103018,10004,205910,326342,15855.10839,0.097109243,0.153906195
167,2,2008,Resakss,Cameroon,Vina,Vina,397870,6159,205910,326342,9761.256753,0.015479931,0.024533784
168,2,2008,Resakss,Cameroon,Wouri,Wouri,350494,973,205910,326342,1542.085212,0.002776082,0.004399748
169,1,2008,IITA,Central African Republic,CAF001,Bamingui-Bangora,65786,2141,198000,243329,2631.148429,0.032544918,0.039995568
170,1,2008,IITA,Central African Republic,CAF002,NA,46210,NA,198000,243329,NA,NA,NA
171,1,2008,IITA,Central African Republic,CAF003,Basse-Kotto,338168,14726,198000,243329,18097.28714,0.043546403,0.05351567
172,1,2008,IITA,Central African Republic,CAF004,Haut-Mbomou,63187,6336,198000,243329,7786.528,0.10027379,0.123229905
173,1,2008,IITA,Central African Republic,CAF005,Haute-Kotto,103052,2537,198000,243329,3117.806429,0.024618639,0.030254691
174,1,2008,IITA,Central African Republic,CAF006,Kemo,156656,16505,198000,243329,20283.56134,0.105358237,0.129478356
175,1,2008,IITA,Central African Republic,CAF007,Lobaye,341944,8645,198000,243329,10624.1374,0.025281918,0.031069817
176,1,2008,IITA,Central African Republic,CAF008,Mambere-Kadei,374504,11376,198000,243329,13980.35709,0.030376178,0.037330328
177,1,2008,IITA,Central African Republic,CAF009,Mbomou,227247,2537,198000,243329,3117.806429,0.011164064,0.013719901
178,1,2008,IITA,Central African Republic,CAF010,Nana-Gribingui,140430,6617,198000,243329,8131.858551,0.047119561,0.057906847
179,1,2008,IITA,Central African Republic,CAF011,Nana-Mambere,288457,15135,198000,243329,18599.92129,0.052468826,0.064480742
180,1,2008,IITA,Central African Republic,CAF012,Ombella-Mpoko,478511,40944,198000,243329,50317.48776,0.085565431,0.105154297
181,1,2008,IITA,Central African Republic,CAF013,Ouaka,355539,25204,198000,243329,30974.06119,0.070889551,0.087118604
182,1,2008,IITA,Central African Republic,CAF014,Ouham,468911,5621,198000,243329,6907.839944,0.011987349,0.014731665
183,1,2008,IITA,Central African Republic,CAF015,Ouham-Pende,542365,33176,198000,243329,40771.12578,0.061169139,0.075172856
184,1,2008,IITA,Central African Republic,CAF016,Sangha,143658,5000,198000,243329,6144.671717,0.034804884,0.042772917
185,1,2008,IITA,Central African Republic,CAF017,Vakaga,32582,1500,198000,243329,1843.401515,0.04603769,0.056577298
186,0,2014,FAO,Chad,Chad,Chad,9675183,30682,30682,30682,30682,0.003171206,0.003171206
187,1,2008,IITA,Congo,COG001,Bouenza,309537,30631,109999,126758,35297.81451,0.098957475,0.114034233
188,1,2008,IITA,Congo,COG002,Cuvette,274987,12031,109999,126758,13863.9942,0.043751159,0.050416908
189,1,2008,IITA,Congo,COG003,NA,242154,NA,109999,126758,NA,0.054814978,0.063166365
190,1,2008,IITA,Congo,COG004,Lekoumou,104267,5680,109999,126758,6545.381685,0.054475529,0.062775199
191,1,2008,IITA,Congo,COG005,NA,131171,NA,109999,126758,NA,NA,NA
192,1,2008,IITA,Congo,COG006,Niari,208246,11415,109999,126758,13154.14295,0.054814978,0.063166365
193,1,2008,IITA,Congo,COG007,Plateaux,199454,NA,109999,126758,NA,0.063464348,0.073133518
194,1,2008,IITA,Congo,COG008,Pool,545123,50242,109999,126758,57896.66666,0.092166355,0.106208446
195,1,2008,IITA,Congo,COG009,Sangha,85648,NA,109999,126758,NA,0.043751159,0.050416908
196,1,2008,IITA,"Congo,  Dem Republic of",COD001,Bandundu,8489260,384752,1851051,1811141,376456.4683,0.045322207,0.044345028
197,1,2008,IITA,"Congo,  Dem Republic of",COD002,Bas-Zaire,4287052,151083,1851051,1811141,147825.5411,0.0352417,0.034481863
198,1,2008,IITA,"Congo,  Dem Republic of",COD003,Equateur,7680486,196459,1851051,1811141,192223.2017,0.02557898,0.025027479
199,1,2008,IITA,"Congo,  Dem Republic of",COD004,Haut-Zaire,8277220,258943,1851051,1811141,253360.0014,0.031283813,0.030609311
200,1,2008,IITA,"Congo,  Dem Republic of",COD005,Kasai-Occidental,5310131,130376,1851051,1811141,127564.999,0.024552313,0.024022948
201,1,2008,IITA,"Congo,  Dem Republic of",COD006,Kasai-Oriental,5129458,145165,1851051,1811141,142035.1375,0.028300261,0.027690087
202,1,2008,IITA,"Congo,  Dem Republic of",COD007,Kinshasa,1267399,2576,1851051,1811141,2520.459575,0.002032509,0.001988687
203,1,2008,IITA,"Congo,  Dem Republic of",COD008,Kivu,9667991,297494,1851051,1811141,291079.8139,0.030771026,0.03010758
204,1,2008,IITA,"Congo,  Dem Republic of",COD009,Lake Kivu,45484,NA,1851051,1811141,NA,NA,NA
205,1,2008,IITA,"Congo,  Dem Republic of",COD010,Lake Mweru,8972,NA,1851051,1811141,NA,NA,NA
206,1,2008,IITA,"Congo,  Dem Republic of",COD011,Shaba,5515169,284203,1851051,1811141,278075.3775,0.05153115,0.050420101
207,1,2007,Agro-MAPS,Cote d'Ivoire,CIV051,AGNEBY,615775,3398.17,319951.4,652729,6932.565714,0.005518525,0.011258277
208,1,2007,Agro-MAPS,Cote d'Ivoire,CIV052,BAFING,186455,634.51,319951.4,652729,1294.456214,0.003403019,0.006942459
209,1,2007,Agro-MAPS,Cote d'Ivoire,CIV053,BAS SASSANDRA,1853488,31446.91,319951.4,652729,64154.46258,0.016966341,0.034612829
210,1,2007,Agro-MAPS,Cote d'Ivoire,CIV054,DENGUELE,283417,8627.56,319951.4,652729,17600.98131,0.030441223,0.062102772
211,1,2007,Agro-MAPS,Cote d'Ivoire,CIV055,FROMAGER,731495,1883.85,319951.4,652729,3843.21971,0.002575342,0.005253925
212,1,2007,Agro-MAPS,Cote d'Ivoire,CIV056,HAUT SASSANDRA,1175567,22779.08,319951.4,652729,46471.32692,0.019377101,0.03953099
213,1,2007,Agro-MAPS,Cote d'Ivoire,CIV057,LACS,620459,4439.71,319951.4,652729,9057.398932,0.007155525,0.014597901
214,1,2007,Agro-MAPS,Cote d'Ivoire,CIV058,LAGUNES,1304758,42646.06,319951.4,652729,87001.71369,0.032685034,0.066680345
215,1,2007,Agro-MAPS,Cote d'Ivoire,CIV059,MARAHOUE,764843,1253.65,319951.4,652729,2557.556275,0.001639095,0.003343897
216,1,2007,Agro-MAPS,Cote d'Ivoire,CIV060,MONTAGNES,1286120,14306.84,319951.4,652729,29187.21208,0.011124032,0.022694004
217,1,2007,Agro-MAPS,Cote d'Ivoire,CIV061,MOYEN CAVALLY,754849,10544.59,319951.4,652729,21511.89114,0.013969138,0.028498271
218,1,2007,Agro-MAPS,Cote d'Ivoire,CIV062,MOYEN COMOE,481961,2851.03,319951.4,652729,5816.351986,0.005915479,0.012068097
219,1,2007,Agro-MAPS,Cote d'Ivoire,CIV063,N'ZI COMOE,839766,3462.17,319951.4,652729,7063.131344,0.004122779,0.008410833
220,1,2007,Agro-MAPS,Cote d'Ivoire,CIV064,SAVANES,1406465,10576.67,319951.4,652729,21577.33716,0.007520038,0.015341539
221,1,2007,Agro-MAPS,Cote d'Ivoire,CIV065,SUD BANDAMA,783577,12865.25,319951.4,652729,26246.24167,0.016418616,0.033495421
222,1,2007,Agro-MAPS,Cote d'Ivoire,CIV066,SUD COMOE,591920,54178.17,319951.4,652729,110528.2325,0.091529548,0.186728329
223,1,2007,Agro-MAPS,Cote d'Ivoire,CIV067,VAL DU BANDAMA,1095123,66821.6,319951.4,652729,136321.9419,0.061017438,0.124480941
224,1,2007,Agro-MAPS,Cote d'Ivoire,CIV068,WORODOUGOU,651411,2962.8,319951.4,652729,6044.372618,0.004548281,0.009278892
225,1,2007,Agro-MAPS,Cote d'Ivoire,CIV069,ZANZAN,875906,24272.78,319951.4,652729,49518.60632,0.027711627,0.056534156
226,0,2014,Guinea-Bissau,Equatorial Guinea,GNQ001,Equatorial Guinea,508564,23464,23464,4883,4883,0.046137753,0.009601545
227,0,2014,FAO,Gabon,Gabon,Gabon,1000481,61060,61060,61060,61060,0.061030644,0.061030644
228,2,,Agro-MAPS,Gambia,GMB001001,Banjul,5373,0,850.8,3041,0,0,0
229,2,,Agro-MAPS,Gambia,GMB001002,KUDC,32176,0,850.8,3041,0,0,0
230,2,,Agro-MAPS,Gambia,GMB002001,Jarra Central,9754,0,850.8,3041,0,0,0
231,2,,Agro-MAPS,Gambia,GMB002002,Jarra East,17003,0,850.8,3041,0,0,0
232,2,,Agro-MAPS,Gambia,GMB002003,Jarra West,29159,0,850.8,3041,0,0,0
233,2,,Agro-MAPS,Gambia,GMB002004,Kiang Central,8764,0,850.8,3041,0,0,0
234,2,,Agro-MAPS,Gambia,GMB002005,Kiang East,7879,0,850.8,3041,0,0,0
235,2,,Agro-MAPS,Gambia,GMB002006,Kiang West,15253,125,850.8,3041,446.7853785,0.008195109,0.02929164
236,2,,Agro-MAPS,Gambia,GMB003001,Fulladu West,87762,0,850.8,3041,0,0,0
237,2,,Agro-MAPS,Gambia,GMB003002,Lower Saloum,14072,29.4,850.8,3041,105.083921,0.002089255,0.00746759
238,2,,Agro-MAPS,Gambia,GMB003003,Maccarthy Island,4079,0,850.8,3041,0,0,0
239,2,,Agro-MAPS,Gambia,GMB003004,Niamina Dankunku,6237,0,850.8,3041,0,0,0
240,2,,Agro-MAPS,Gambia,GMB003005,Niamina East,25793,0,850.8,3041,0,0,0
241,2,,Agro-MAPS,Gambia,GMB003006,Niamina West,7460,13.2,850.8,3041,47.18053597,0.001769437,0.006324469
242,2,,Agro-MAPS,Gambia,GMB003007,Niani,29646,0,850.8,3041,0,0,0
243,2,,Agro-MAPS,Gambia,GMB003008,Nianija,10408,0,850.8,3041,0,0,0
244,2,,Agro-MAPS,Gambia,GMB003009,Sami,24112,74.8,850.8,3041,267.3563705,0.00310219,0.011088104
245,2,,Agro-MAPS,Gambia,GMB003010,Upper Saloum,19252,0,850.8,3041,0,0,0
246,2,,Agro-MAPS,Gambia,GMB004001,Central Baddibu,18027,0,850.8,3041,0,0,0
247,2,,Agro-MAPS,Gambia,GMB004002,Jokadu,22610,74.6,850.8,3041,266.6415139,0.003299425,0.011793079
248,2,,Agro-MAPS,Gambia,GMB004003,Lower Baddibu,18119,4.5,850.8,3041,16.08427362,0.000248358,0.000887702
249,2,,Agro-MAPS,Gambia,GMB004004,Lower Niumi,58650,13.5,850.8,3041,48.25282087,0.000230179,0.000822725
250,2,,Agro-MAPS,Gambia,GMB004005,Upper Baddibu,60843,11.3,850.8,3041,40.38939821,0.000185724,0.00066383
251,2,,Agro-MAPS,Gambia,GMB004006,Upper Niumi,32200,57.8,850.8,3041,206.593559,0.001795031,0.006415949
252,2,,Agro-MAPS,Gambia,GMB005001,Fulladu East,147172,0,850.8,3041,0,0,0
253,2,,Agro-MAPS,Gambia,GMB005002,Kantora,39684,0,850.8,3041,0,0,0
254,2,,Agro-MAPS,Gambia,GMB005003,Sandu,24372,31,850.8,3041,110.8027739,0.001271951,0.004546314
255,2,,Agro-MAPS,Gambia,GMB005004,Wuli,45094,0,850.8,3041,0,0,0
256,2,,Agro-MAPS,Gambia,GMB006001,Foni Bintang-Karenai,18172,0,850.8,3041,0,0,0
257,2,,Agro-MAPS,Gambia,GMB006002,Foni Bondali,8012,0,850.8,3041,0,0,0
258,2,,Agro-MAPS,Gambia,GMB006003,Foni Brefet,15698,53.2,850.8,3041,190.1518571,0.003388967,0.012113126
259,2,,Agro-MAPS,Gambia,GMB006004,Foni Jarrol,7170,0,850.8,3041,0,0,0
260,2,,Agro-MAPS,Gambia,GMB006005,Foni Kansala,14917,0,850.8,3041,0,0,0
261,2,,Agro-MAPS,Gambia,GMB006006,Kombo Central,73480,48,850.8,3041,171.5655853,0.000653239,0.002334861
262,2,,Agro-MAPS,Gambia,GMB006007,Kombo East,44314,52.5,850.8,3041,187.649859,0.001184727,0.00423455
263,2,,Agro-MAPS,Gambia,GMB006008,Kombo North/St Mary,148685,115,850.8,3041,411.0425482,0.000773447,0.002764519
264,2,,Agro-MAPS,Gambia,GMB006009,Kombo South,98421,147,850.8,3041,525.4196051,0.001493584,0.005338491
265,1,2007,Agro-MAPS,Ghana,GHA001,Ashanti,3293644,121540.5136,944303.8736,888847,114402.7086,0.036901533,0.034734388
266,1,2007,Agro-MAPS,Ghana,GHA002,Brong Ahafo,2270220,184903,944303.8736,888847,174044.0566,0.081447173,0.076663961
267,1,2007,Agro-MAPS,Ghana,GHA003,Central,2213541,122274.86,944303.8736,888847,115093.9285,0.055239483,0.05199539
268,1,2007,Agro-MAPS,Ghana,GHA004,Eastern,2445229,186165,944303.8736,888847,175231.9422,0.076133974,0.071662794
269,1,2007,Agro-MAPS,Ghana,GHA005,Greater Accra,1380472,6741.5,944303.8736,888847,6345.586646,0.004883475,0.004596679
270,1,2007,Agro-MAPS,Ghana,GHA006,Lake Volta,141430,54940,944303.8736,888847,51713.49557,0.388460723,0.365647285
271,1,2007,Agro-MAPS,Ghana,GHA007,Northern,2253969,89320,944303.8736,888847,84074.43436,0.039627874,0.037300617
272,1,2007,Agro-MAPS,Ghana,GHA008,Upper East,1053715,NA,944303.8736,888847,NA,0.039627874,0.037300617
273,1,2007,Agro-MAPS,Ghana,GHA009,Upper West,672590,NA,944303.8736,888847,NA,0.039627874,0.037300617
274,1,2007,Agro-MAPS,Ghana,GHA010,Volta,1838293,105169,944303.8736,888847,98992.65772,0.05721014,0.053850315
275,1,2007,Agro-MAPS,Ghana,GHA011,Western,2237433,73250,944303.8736,888847,68948.18985,0.03273841,0.030815756
276,1,2017,Resakss,Guinea,Boke,Boke,1158336,16852.89347,218965,173885,13383.25934,0.014549227,0.011553866
277,1,2017,Resakss,Guinea,Conakry,Conakry,124651,0,218965,173885,0,0,0
278,1,2017,Resakss,Guinea,Faranah,Faranah,968301,20051.81108,218965,173885,15923.5913,0.020708242,0.016444877
279,1,2017,Resakss,Guinea,Kankan,Kankan,1960427,55270.25507,218965,173885,43891.34475,0.028192968,0.022388666
280,1,2017,Resakss,Guinea,Kindia,Kindia,1522466,29210.30613,218965,173885,23196.5569,0.01918618,0.015236174
281,1,2017,Resakss,Guinea,Labe,Labe,1019393,37767.86599,218965,173885,29992.30643,0.037049368,0.029421731
282,1,2017,Resakss,Guinea,Mamou,Mamou,744299,31508.42797,218965,173885,25021.54681,0.042333025,0.033617601
283,1,2017,Resakss,Guinea,Nzerekore,Nzerekore,1583362,28303.4403,218965,173885,22476.39448,0.017875533,0.014195361
284,1,2008,IITA,Guinea-Bissau,GNB001,Bafata,227200,1226,4800,4883,1247.199583,0.005396127,0.005489435
285,1,2008,IITA,Guinea-Bissau,GNB002,Biombo,103089,1304,4800,4883,1326.548333,0.012649264,0.012867991
286,1,2008,IITA,Guinea-Bissau,GNB003,Bissau,67479,NA,4800,4883,NA,NA,NA
287,1,2008,IITA,Guinea-Bissau,GNB004,Bolama,22651,NA,4800,4883,NA,NA,NA
288,1,2008,IITA,Guinea-Bissau,GNB005,Cacheu,204119,209,4800,4883,212.6139583,0.001023913,0.001041618
289,1,2008,IITA,Guinea-Bissau,GNB006,Gabu,217327,835,4800,4883,849.4385417,0.003842137,0.003908573
290,1,2008,IITA,Guinea-Bissau,GNB007,Oio,228671,1226,4800,4883,1247.199583,0.005361414,0.005454122
291,1,2008,IITA,Guinea-Bissau,GNB008,Quinara,66554,NA,4800,4883,NA,0.005396127,0.005489435
292,1,2008,IITA,Guinea-Bissau,GNB009,Tombali,111013,NA,4800,4883,NA,0.004619132,0.004699004
293,2,2014,Resakss,Kenya,Baringo,Baringo,626150,118,46104,63725,163.099731,0.000188453,0.00026048
294,2,2014,Resakss,Kenya,Bomet,Bomet,792309,23,46104,63725,31.79062554,2.90E-05,4.01E-05
295,2,2014,Resakss,Kenya,Bungoma,Bungoma,1501852,1567,46104,63725,2165.90914,0.001043378,0.001442159
296,2,2014,Resakss,Kenya,Busia,Busia,838371,1958,46104,63725,2706.349774,0.002335482,0.003228105
297,2,2014,Resakss,Kenya,Elgeyo-Marakwet,Elgeyo-Marakwet,371147,226,46104,63725,312.377451,0.000608923,0.000841654
298,2,2014,Resakss,Kenya,Embu,Embu,514597,210,46104,63725,290.2622332,0.000408086,0.000564057
299,2,2014,Resakss,Kenya,Garissa,Garissa,554545,0,46104,63725,0,8.94E-06,1.24E-05
300,2,2014,Resakss,Kenya,Homa Bay,Homa Bay,1069478,4884,46104,63725,6750.670224,0.004566714,0.006312117
301,2,2014,Resakss,Kenya,Isiolo,Isiolo,149383,0,46104,63725,0,8.94E-06,1.24E-05
302,2,2014,Resakss,Kenya,Kajiado,Kajiado,730611,3,46104,63725,4.146603332,4.11E-06,5.68E-06
303,2,2014,Resakss,Kenya,Kakamega,Kakamega,1422177,341,46104,63725,471.3305787,0.000239773,0.000331415
304,2,2014,Resakss,Kenya,Kericho,Kericho,772022,0,46104,63725,0,7.63E-05,0.000105505
305,2,2014,Resakss,Kenya,Kiambu,Kiambu,1448437,111,46104,63725,153.4243233,7.66E-05,0.000105924
306,2,2014,Resakss,Kenya,Kilifi,Kilifi,1161599,5779,46104,63725,7987.740218,0.004975039,0.006876504
307,2,2014,Resakss,Kenya,Kirinyaga,Kirinyaga,538371,123,46104,63725,170.0107366,0.000228467,0.000315787
308,2,2014,Resakss,Kenya,Kisii,Kisii,1016639,109,46104,63725,150.659921,0.000107216,0.000148194
309,2,2014,Resakss,Kenya,Kisumu,Kisumu,880083,1106,46104,63725,1528.714428,0.0012567,0.001737012
310,2,2014,Resakss,Kenya,Kitui,Kitui,1164718,915,46104,63725,1264.714016,0.000785598,0.001085854
311,2,2014,Resakss,Kenya,Kwale,Kwale,735543,6475,46104,63725,8949.752191,0.00880302,0.012167545
312,2,2014,Resakss,Kenya,Laikipia,Laikipia,424556,17,46104,63725,23.49741888,4.00E-05,5.53E-05
313,2,2014,Resakss,Kenya,Lamu,Lamu,109708,1279,46104,63725,1767.83522,0.01165822,0.016114005
314,2,2014,Resakss,Kenya,Machakos,Machakos,1115611,3216,46104,63725,4445.158771,0.002882725,0.003984506
315,2,2014,Resakss,Kenya,Makueni,Makueni,1035622,4988,46104,63725,6894.419139,0.004816429,0.006657274
316,2,2014,Resakss,Kenya,Mandera,Mandera,992093,0,46104,63725,0,8.94E-06,1.24E-05
317,2,2014,Resakss,Kenya,Marsabit,Marsabit,325586,2,46104,63725,2.764402221,6.14E-06,8.49E-06
318,2,2014,Resakss,Kenya,Meru,Meru,1486896,731,46104,63725,1010.389012,0.000491628,0.000679529
319,2,2014,Resakss,Kenya,Migori,Migori,919162,6639,46104,63725,9176.433173,0.007222883,0.009983478
320,2,2014,Resakss,Kenya,Mombasa,Mombasa,262621,226,46104,63725,312.377451,0.000860556,0.001189461
321,2,2014,Resakss,Kenya,Murang'a,Murang'a,1030409,361,46104,63725,498.9746009,0.000350346,0.000484249
322,2,2014,Resakss,Kenya,Nairobi,Nairobi,707467,18,46104,63725,24.87961999,2.54E-05,3.52E-05
323,2,2014,Resakss,Kenya,Nakuru,Nakuru,1464982,111,46104,63725,153.4243233,7.58E-05,0.000104728
324,2,2014,Resakss,Kenya,Nandi,Nandi,823069,84,46104,63725,116.1048933,0.000102057,0.000141063
325,2,2014,Resakss,Kenya,Narok,Narok,986729,55,46104,63725,76.02106108,5.57E-05,7.70E-05
326,2,2014,Resakss,Kenya,Nyamira,Nyamira,575173,80,46104,63725,110.5760888,0.000139089,0.000192248
327,2,2014,Resakss,Kenya,Nyandarua,Nyandarua,675200,11,46104,63725,15.20421222,1.63E-05,2.25E-05
328,2,2014,Resakss,Kenya,Nyeri,Nyeri,759051,361,46104,63725,498.9746009,0.000475594,0.000657366
329,2,2014,Resakss,Kenya,Samburu,Samburu,255430,3,46104,63725,4.146603332,1.17E-05,1.62E-05
330,2,2014,Resakss,Kenya,Siaya,Siaya,930301,2987,46104,63725,4128.634717,0.003210789,0.004437956
331,2,2014,Resakss,Kenya,Taita Taveta,Taita Taveta,321647,58,46104,63725,80.16766441,0.000180322,0.000249241
332,2,2014,Resakss,Kenya,Tana River,Tana River,292879,189,46104,63725,261.2360099,0.000645318,0.000891959
333,2,2014,Resakss,Kenya,Tharaka-Nithi,Tharaka-Nithi,420421,462,46104,63725,638.5769131,0.001098898,0.001518899
334,2,2014,Resakss,Kenya,Trans Nzoia,Trans Nzoia,767147,76,46104,63725,105.0472844,9.91E-05,0.000136932
335,2,2014,Resakss,Kenya,Turkana,Turkana,956210,0,46104,63725,0,8.94E-06,1.24E-05
336,2,2014,Resakss,Kenya,Uasin Gishu,Uasin Gishu,791272,11,46104,63725,15.20421222,1.39E-05,1.92E-05
337,2,2014,Resakss,Kenya,Vihiga,Vihiga,528031,191,46104,63725,264.0004121,0.000361721,0.000499971
338,2,2014,Resakss,Kenya,Wajir,Wajir,697404,0,46104,63725,0,8.94E-06,1.24E-05
339,2,2014,Resakss,Kenya,West Pokot,West Pokot,634646,0,46104,63725,0,8.94E-06,1.24E-05
340,1,2008,IITA,Liberia,LBR001,Bomi Terr.,130650,1617,87001,67050,1246.190848,0.012376579,0.009538391
341,1,2008,IITA,Liberia,LBR002,Bong,421611,11449,87001,67050,8823.524442,0.027155364,0.020928117
342,1,2008,IITA,Liberia,LBR003,Grand Bassa,219915,11627,87001,67050,8960.705624,0.052870427,0.040746223
343,1,2008,IITA,Liberia,LBR004,Grand Cape Mount,146542,4367,87001,67050,3365.56304,0.02980033,0.022966542
344,1,2008,IITA,Liberia,LBR005,Grand Gedeh,240095,1941,87001,67050,1495.891427,0.0080843,0.006230415
345,1,2008,IITA,Liberia,LBR006,Kru Coast Terr.,41685,4205,87001,67050,3240.71275,0.100875615,0.077742899
346,1,2008,IITA,Liberia,LBR007,Lofa,408346,6468,87001,67050,4984.763394,0.015839509,0.012207205
347,1,2008,IITA,Liberia,LBR008,Marshall Terr.,37888,5109,87001,67050,3937.408191,0.134844806,0.103922302
348,1,2008,IITA,Liberia,LBR009,Maryland,157362,3963,87001,67050,3054.207998,0.025183971,0.019408803
349,1,2008,IITA,Liberia,LBR010,Montserrado,622216,11325,87001,67050,8727.960023,0.018201075,0.014027219
350,1,2008,IITA,Liberia,LBR011,Nimba,530952,18632,87001,67050,14359.32461,0.035091684,0.027044487
351,1,2008,IITA,Liberia,LBR012,Rivercess Terr.,71850,3014,87001,67050,2322.831921,0.041948504,0.032328906
352,1,2008,IITA,Liberia,LBR013,NA,25246,NA,87001,67050,NA,0.041940193,0.032322501
353,1,2008,IITA,Liberia,LBR014,Sinoe,97689,3284,87001,67050,2530.915737,0.033616886,0.025907889
354,2,2016,Resakss,Malawi,Balaka,Balaka,399601,1771,228178,222750,1728.870662,0.004431921,0.004326492
355,2,2016,Resakss,Malawi,Blantyre,Blantyre,633886,3156,228178,222750,3080.923665,0.004978813,0.004860375
356,2,2016,Resakss,Malawi,Chikwawa,Chikwawa,549017,714,228178,222750,697.0150497,0.001300506,0.001269569
357,2,2016,Resakss,Malawi,Chiradzulu,Chiradzulu,377959,3109,228178,222750,3035.041722,0.00822576,0.008030082
358,2,2016,Resakss,Malawi,Chitipa,Chitipa,246020,5977,228178,222750,5834.816459,0.024294773,0.023716838
359,2,2016,Resakss,Malawi,Dedza,Dedza,823413,6695,228178,222750,6535.736355,0.008130792,0.007937373
360,2,2016,Resakss,Malawi,Dowa,Dowa,747777,8143,228178,222750,7949.290685,0.01088961,0.010630563
361,2,2016,Resakss,Malawi,Karonga,Karonga,353525,16913,228178,222750,16510.66602,0.04784103,0.046702966
362,2,2016,Resakss,Malawi,Kasungu,Kasungu,800222,14447,228178,222750,14103.32832,0.01805374,0.01762427
363,2,2016,Resakss,Malawi,Likoma,Likoma,11441,83,228178,222750,81.02555899,0.007254611,0.007082035
364,2,2016,Resakss,Malawi,Lilongwe,Lilongwe,1992341,11372,228178,222750,11101.47779,0.005707858,0.005572077
365,2,2016,Resakss,Malawi,Machinga,Machinga,637978,5652,228178,222750,5517.547704,0.00885924,0.008648492
366,2,2016,Resakss,Malawi,Mangochi,Mangochi,995741,9108,228178,222750,8891.334835,0.009146957,0.008929365
367,2,2016,Resakss,Malawi,Mchinji,Mchinji,587598,3389,228178,222750,3308.380957,0.005767549,0.005630348
368,2,2016,Resakss,Malawi,Mulanje,Mulanje,628871,14745,228178,222750,14394.23937,0.02344678,0.022889018
369,2,2016,Resakss,Malawi,Mwanza,Mwanza,102938,5335,228178,222750,5208.088641,0.051827314,0.050594422
370,2,2016,Resakss,Malawi,Mzimba,Mzimba,1078103,13641,228178,222750,13316.50181,0.01265278,0.01235179
371,2,2016,Resakss,Malawi,Neno,Neno,135005,1657,228178,222750,1617.582545,0.012273619,0.011981649
372,2,2016,Resakss,Malawi,Nkhata Bay,Nkhata Bay,293731,24623,228178,222750,24037.2571,0.083828401,0.081834253
373,2,2016,Resakss,Malawi,Nkhotakota,Nkhotakota,384338,33771,228178,222750,32967.64039,0.08786797,0.085777728
374,2,2016,Resakss,Malawi,Nsanje,Nsanje,307295,455,228178,222750,444.1762571,0.001480662,0.001445439
375,2,2016,Resakss,Malawi,Ntcheu,Ntcheu,606983,3072,228178,222750,2998.921894,0.005061097,0.004940702
376,2,2016,Resakss,Malawi,Ntchisi,Ntchisi,290742,2101,228178,222750,2051.020475,0.007226338,0.007054435
377,2,2016,Resakss,Malawi,Phalombe,Phalombe,377416,3927,228178,222750,3833.582773,0.010404964,0.010157446
378,2,2016,Resakss,Malawi,Rumphi,Rumphi,214509,4286,228178,222750,4184.042721,0.019980514,0.019505208
379,2,2016,Resakss,Malawi,Salima,Salima,448826,2299,228178,222750,2244.310363,0.005122252,0.005000402
380,2,2016,Resakss,Malawi,Thyolo,Thyolo,760352,12965,228178,222750,12656.5828,0.017051313,0.016645689
381,2,2016,Resakss,Malawi,Zomba,Zomba,830020,14772,228178,222750,14420.59708,0.017797162,0.017373795
382,1,2008,IITA,Mali,MLI001,NA,499597,NA,5999,3597,NA,0.00017904,0.000107353
383,1,2008,IITA,Mali,MLI002,Kayes,2055466,139,5999,3597,83.34439073,6.76E-05,4.05E-05
384,1,2008,IITA,Mali,MLI003,NA,75813,NA,5999,3597,NA,0.00017904,0.000107353
385,1,2008,IITA,Mali,MLI004,Koulikoro,2540801,1605,5999,3597,962.357893,0.000631691,0.000378762
386,1,2008,IITA,Mali,MLI005,Mopti,2172341,19,5999,3597,11.39239873,8.75E-06,5.24E-06
387,1,2008,IITA,Mali,MLI006,Segou,2314972,1150,5999,3597,689.5399233,0.000496766,0.000297861
388,1,2008,IITA,Mali,MLI007,Sikasso,2527699,2966,5999,3597,1778.413402,0.001173399,0.00070357
389,1,2008,IITA,Mali,MLI008,Tombouctou,670240,120,5999,3597,71.951992,0.00017904,0.000107353
390,1,2007,Agro-MAPS,Mozambique,MOZ001,Cabo Delgado,1763382,NA,840000,870300,NA,0.054874616,0.056854022
391,1,2007,Agro-MAPS,Mozambique,MOZ002,Gaza,1295582,41900,840000,870300,43411.39286,0.032340678,0.033507252
392,1,2007,Agro-MAPS,Mozambique,MOZ003,Inhambane,1397196,82100,840000,870300,85061.46429,0.058760546,0.060880123
393,1,2007,Agro-MAPS,Mozambique,MOZ004,Manica,1545402,9200,840000,870300,9531.857143,0.005953144,0.006167882
394,1,2007,Agro-MAPS,Mozambique,MOZ005,Maputo,1302374,12500,840000,870300,12950.89286,0.009597857,0.009944066
395,1,2007,Agro-MAPS,Mozambique,MOZ006,Nampula,4134498,344900,840000,870300,357341.0357,0.083420043,0.086429123
396,1,2007,Agro-MAPS,Mozambique,MOZ007,Nassa,1439467,37900,840000,870300,39267.10714,0.02632919,0.027278921
397,1,2007,Agro-MAPS,Mozambique,MOZ008,Sofala,1597558,17300,840000,870300,17924.03571,0.010829028,0.011219646
398,1,2007,Agro-MAPS,Mozambique,MOZ009,Tete,2171787,5200,840000,870300,5387.571429,0.002394342,0.002480709
399,1,2007,Agro-MAPS,Mozambique,MOZ010,Zambezia,4348360,289000,840000,870300,299424.6429,0.066461838,0.068859212
400,0,2014,FAO,Niger,NER001,Niger,14696807,6651,6651,6651,6651,0.000452547,0.000452547
401,1,2007,IITA,Nigeria,NGA001,Abia,1853996,35550,3261380,6458435,70398.83861,0.019174799,0.037971408
402,1,2007,IITA,Nigeria,NGA002,Adamawa,2770238,1900,3261380,6458435,3762.525833,0.000685862,0.001358196
403,1,2007,IITA,Nigeria,NGA003,Akwa Ibom,3407727,154350,3261380,6458435,305655.717,0.045294121,0.089694895
404,1,2007,IITA,Nigeria,NGA004,Anambra,2533777,103180,3261380,6458435,204324.9555,0.040721816,0.080640465
405,1,2007,IITA,Nigeria,NGA005,Bauchi,5082656,1840,3261380,6458435,3643.709227,0.000362015,0.000716891
406,1,2007,IITA,Nigeria,NGA006,Bayelsa,1187859,29130,3261380,6458435,57685.46184,0.024523113,0.04856255
407,1,2007,IITA,Nigeria,NGA007,Benue,4389086,271170,3261380,6458435,536991.6474,0.061782795,0.122347032
408,1,2007,IITA,Nigeria,NGA008,Borno,3786734,800,3261380,6458435,1584.221403,0.000211264,0.000418361
409,1,2007,IITA,Nigeria,NGA009,Cross River,2874168,263220,3261380,6458435,521248.4472,0.091581285,0.181356291
410,1,2007,IITA,Nigeria,NGA010,Delta,3001890,100100,3261380,6458435,198225.7031,0.033345659,0.066033633
411,1,2007,IITA,Nigeria,NGA011,Ebonyi,2073397,59130,3261380,6458435,117093.7645,0.028518417,0.056474358
412,1,2007,IITA,Nigeria,NGA012,Edo,2391145,65500,3261380,6458435,129708.1274,0.027392734,0.054245195
413,1,2007,IITA,Nigeria,NGA013,Ekiti,1335393,67800,3261380,6458435,134262.7639,0.050771571,0.100541761
414,1,2007,IITA,Nigeria,NGA014,Enugu,2532757,238470,3261380,6458435,472236.5975,0.094154315,0.186451601
415,1,2007,IITA,Nigeria,NGA015,"FCT, Abuja",1726438,3990,3261380,6458435,7901.304249,0.002311117,0.004576651
416,1,2007,IITA,Nigeria,NGA016,Gombe,2395104,3670,3261380,6458435,7267.615687,0.001532293,0.003034363
417,1,2007,IITA,Nigeria,NGA017,Imo,2985913,219510,3261380,6458435,434690.5503,0.073515203,0.145580447
418,1,2007,IITA,Nigeria,NGA018,Jigawa,4656374,NA,3261380,6458435,NA,0.001248142,0.002471668
419,1,2007,IITA,Nigeria,NGA019,Kaduna,4999054,187880,3261380,6458435,372054.3965,0.037583111,0.074424961
420,1,2007,IITA,Nigeria,NGA020,Kano,7778700,2840,3261380,6458435,5623.985981,0.0003651,0.000722998
421,1,2007,IITA,Nigeria,NGA021,Katsina,5315820,11130,3261380,6458435,22040.48027,0.00209375,0.004146205
422,1,2007,IITA,Nigeria,NGA022,Kebbi,3202585,61320,3261380,6458435,121430.5706,0.019147033,0.037916424
423,1,2007,IITA,Nigeria,NGA023,Kogi,2726892,243960,3261380,6458435,483108.3169,0.089464489,0.177164448
424,1,2007,IITA,Nigeria,NGA024,Kwara,1830744,85410,3261380,6458435,169135.4376,0.046653164,0.092386176
425,1,2007,IITA,Nigeria,NGA025,Lagos,1528201,52760,3261380,6458435,104479.4015,0.034524254,0.068367578
426,1,2007,IITA,Nigeria,NGA026,Nassarawa,2000910,61080,3261380,6458435,120955.3041,0.030526111,0.060450147
427,1,2007,IITA,Nigeria,NGA027,Niger,3965248,71040,3261380,6458435,140678.8606,0.017915651,0.035477948
428,1,2007,IITA,Nigeria,NGA028,Ogun,2666365,124100,3261380,6458435,245752.3452,0.046542765,0.092167556
429,1,2007,IITA,Nigeria,NGA029,Ondo,2400192,107730,3261380,6458435,213335.2147,0.044883909,0.088882562
430,1,2007,IITA,Nigeria,NGA030,Osun,1964445,46570,3261380,6458435,92221.48843,0.023706441,0.046945315
431,1,2007,IITA,Nigeria,NGA031,Oyo,3182906,143800,3261380,6458435,284763.7972,0.04517884,0.089466606
432,1,2007,IITA,Nigeria,NGA032,Plateau,3163420,29450,3261380,6458435,58319.15041,0.009309545,0.018435475
433,1,2007,IITA,Nigeria,NGA033,Rivers,2509599,150300,3261380,6458435,297635.5961,0.059890046,0.118598866
434,1,2007,IITA,Nigeria,NGA034,Sokoto,3401245,3640,3261380,6458435,7208.207385,0.001070196,0.002119285
435,1,2007,IITA,Nigeria,NGA035,Taraba,2572933,253780,3261380,6458435,502554.6346,0.098634516,0.195323638
436,1,2007,IITA,Nigeria,NGA036,Yobe,2431270,5280,3261380,6458435,10455.86126,0.002171705,0.004300576
437,1,2007,IITA,Nigeria,NGA037,Zamfara,3118977,NA,3261380,6458435,NA,0.001581973,0.003132745
438,2,2017,Resakss,Rwanda,Bugesera,Bugesera,425615,21907.051,383550.6322,198717,11350.00985,0.05147152,0.026667316
439,2,2017,Resakss,Rwanda,Burera,Burera,396588,912.4558,383550.6322,198717,472.7419641,0.002300765,0.001192023
440,2,2017,Resakss,Rwanda,Gakenke,Gakenke,392017,12802.889,383550.6322,198717,6633.157346,0.032659015,0.016920586
441,2,2017,Resakss,Rwanda,Gasabo,Gasabo,400961,6488.241,383550.6322,198717,3361.547808,0.016181726,0.008383728
442,2,2017,Resakss,Rwanda,Gatsibo,Gatsibo,505981,16477.788,383550.6322,198717,8537.116936,0.032566021,0.016872406
443,2,2017,Resakss,Rwanda,Gicumbi,Gicumbi,470812,8800.069,383550.6322,198717,4559.302383,0.018691259,0.009683913
444,2,2017,Resakss,Rwanda,Gisagara,Gisagara,371197,11390.134,383550.6322,198717,5901.211126,0.030684876,0.015897788
445,2,2017,Resakss,Rwanda,Huye,Huye,357269,9532.754,383550.6322,198717,4938.905369,0.026682287,0.013824052
446,2,2017,Resakss,Rwanda,Kamonyi,Kamonyi,403416,17721.705,383550.6322,198717,9181.588444,0.043929108,0.022759604
447,2,2017,Resakss,Rwanda,Karongi,Karongi,382731,14875.741,383550.6322,198717,7707.098819,0.038867353,0.020137117
448,2,2017,Resakss,Rwanda,Kayonza,Kayonza,405536,20006.011,383550.6322,198717,10365.08391,0.049332269,0.025558974
449,2,2017,Resakss,Rwanda,Kicukiro,Kicukiro,180953,1291.1845,383550.6322,198717,668.9607284,0.007135469,0.003696876
450,2,2017,Resakss,Rwanda,Kirehe,Kirehe,398746,22218.12,383550.6322,198717,11511.17423,0.055719982,0.028868438
451,2,2017,Resakss,Rwanda,Muhanga,Muhanga,354324,19340.991,383550.6322,198717,10020.53806,0.054585608,0.028280721
452,2,2017,Resakss,Rwanda,Musanze,Musanze,391147,719.7524,383550.6322,198717,372.9026253,0.001840107,0.000953357
453,2,2017,Resakss,Rwanda,Ngoma,Ngoma,389943,22890.78,383550.6322,198717,11859.67835,0.058702887,0.030413877
454,2,2017,Resakss,Rwanda,Ngororero,Ngororero,383881,14415.479,383550.6322,198717,7468.637775,0.037551947,0.019455607
455,2,2017,Resakss,Rwanda,Nyabihu,Nyabihu,347624,1191.9622,383550.6322,198717,617.5538054,0.003428884,0.001776499
456,2,2017,Resakss,Rwanda,Nyagatare,Nyagatare,552819,17906.534,383550.6322,198717,9277.348069,0.032391314,0.016781891
457,2,2017,Resakss,Rwanda,Nyamagabe,Nyamagabe,400395,9066.416,383550.6322,198717,4697.296359,0.022643679,0.011731656
458,2,2017,Resakss,Rwanda,Nyamasheke,Nyamasheke,449009,26632.69,383550.6322,198717,13798.35624,0.059314379,0.03073069
459,2,2017,Resakss,Rwanda,Nyanza,Nyanza,370122,12543.737,383550.6322,198717,6498.891088,0.033890817,0.017558781
460,2,2017,Resakss,Rwanda,Nyarugenge,Nyarugenge,99166,2025.8089,383550.6322,198717,1049.568514,0.020428462,0.010583955
461,2,2017,Resakss,Rwanda,Nyaruguru,Nyaruguru,343594,7282.466,383550.6322,198717,3773.034574,0.021194974,0.010981084
462,2,2017,Resakss,Rwanda,Rubavu,Rubavu,342203,261.4094,383550.6322,198717,135.4358131,0.000763902,0.000395776
463,2,2017,Resakss,Rwanda,Ruhango,Ruhango,374100,25665.01,383550.6322,198717,13297.0027,0.068604678,0.035543979
464,2,2017,Resakss,Rwanda,Rulindo,Rulindo,335532,11108.89,383550.6322,198717,5755.499037,0.033108288,0.017153354
465,2,2017,Resakss,Rwanda,Rusizi,Rusizi,425097,31531.99,383550.6322,198717,16336.67613,0.074175988,0.038430467
466,2,2017,Resakss,Rwanda,Rutsiro,Rutsiro,378452,5276.547,383550.6322,198717,2733.770987,0.013942447,0.007223561
467,2,2017,Resakss,Rwanda,Rwamagana,Rwamagana,355815,11266.026,383550.6322,198717,5836.91096,0.031662594,0.016404342
468,1,1998,Agro-MAPS,Senegal,SEN001,Dakar,326515,148,58907,31394,78.87537984,0.000453272,0.000241567
469,1,1998,Agro-MAPS,Senegal,SEN002,Diourbel,893023,431,58907,31394,229.6978967,0.00048263,0.000257214
470,1,1998,Agro-MAPS,Senegal,SEN003,Fatick,844116,570,58907,31394,303.7768007,0.000675263,0.000359876
471,1,1998,Agro-MAPS,Senegal,SEN004,Kaolack,1202801,455,58907,31394,242.4884988,0.000378284,0.000201603
472,1,1998,Agro-MAPS,Senegal,SEN005,Kolda,1082500,2530,58907,31394,1348.342642,0.002337182,0.001245582
473,1,1998,Agro-MAPS,Senegal,SEN006,Louga,825577,91,58907,31394,48.49769976,0.000110226,5.87E-05
474,1,1998,Agro-MAPS,Senegal,SEN007,Saint Louis,1272072,67,58907,31394,35.70709763,5.27E-05,2.81E-05
475,1,1998,Agro-MAPS,Senegal,SEN008,Tambacounda,720012,40,58907,31394,21.31767023,5.56E-05,2.96E-05
476,1,1998,Agro-MAPS,Senegal,SEN009,Thies,1420900,54422,58907,31394,29003.75623,0.038301077,0.020412243
477,1,1998,Agro-MAPS,Senegal,SEN010,Ziguinchor,366067,153,58907,31394,81.54008861,0.000417956,0.000222746
478,2,2004,Agro-MAPS,Sierra Leone,SLE001001,Bo,432752,39990,636025,387603,24370.49482,0.092408585,0.056315152
479,2,2004,Agro-MAPS,Sierra Leone,SLE001002,Bombali,421344,35937,636025,387603,21900.53695,0.085291353,0.051977807
480,2,2004,Agro-MAPS,Sierra Leone,SLE001003,Bonthe,329611,43958,636025,387603,26788.65245,0.133363268,0.081273539
481,2,2004,Agro-MAPS,Sierra Leone,SLE002001,Freetown,380053,47909,636025,387603,29196.45002,0.126058734,0.076822049
482,2,2004,Agro-MAPS,Sierra Leone,SLE002002,Kailahun,294233,48395,636025,387603,29492.62558,0.164478492,0.100235615
483,2,2004,Agro-MAPS,Sierra Leone,SLE002003,Kambia,267455,39239,636025,387603,23912.82437,0.146712531,0.089408777
484,2,2004,Agro-MAPS,Sierra Leone,SLE002004,Kenema,511458,76120,636025,387603,46388.64881,0.148829425,0.090698843
485,2,2004,Agro-MAPS,Sierra Leone,SLE002005,Koinadugu,384989,38130,636025,387603,23236.98344,0.099041791,0.060357526
486,2,2004,Agro-MAPS,Sierra Leone,SLE003001,Kono,407232,66782,636025,387603,40697.93412,0.16399006,0.099937957
487,2,2004,Agro-MAPS,Sierra Leone,SLE003002,Moyamba,155688,49300,636025,387603,30044.14591,0.316658959,0.192976632
488,2,2004,Agro-MAPS,Sierra Leone,SLE003003,Port Loko,312613,91377,636025,387603,55686.48926,0.292300704,0.178132353
489,2,2004,Agro-MAPS,Sierra Leone,SLE003004,Pujehun,279943,48356,636025,387603,29468.85841,0.172735164,0.105267352
490,2,2004,Agro-MAPS,Sierra Leone,SLE004001,Tonkolili,33091,6208,636025,387603,3783.246608,0.18760388,0.114328567
491,2,2004,Agro-MAPS,Sierra Leone,SLE004002,Western Rural,110359,4324,636025,387603,2635.109268,0.039181218,0.023877611
492,0,2014,FAO,South Sudan,South Sudan,South Sudan,10544748,99523,99523,99523,99523,0.009438158,0.009438158
493,2,2017,Resakss,Togo,AGOU,AGOU,113502,2811.91495,267020.4946,282589,2975.862339,0.024774145,0.026218589
494,2,2017,Resakss,Togo,AKEBOU,AKEBOU,88219,4542.3196,267020.4946,282589,4807.157425,0.05148913,0.05449118
495,2,2017,Resakss,Togo,AMOU,AMOU,119502,7359.57255,267020.4946,282589,7788.668994,0.06158535,0.065176056
496,2,2017,Resakss,Togo,ANIE,ANIE,132360,255.94611,267020.4946,282589,270.8689285,0.001933712,0.002046456
497,2,2017,Resakss,Togo,ASSOLI,ASSOLI,58893,9428.2964,267020.4946,282589,9978.008823,0.16009197,0.169426058
498,2,2017,Resakss,Togo,AVE,AVE,126405,8408.28282,267020.4946,282589,8898.523827,0.066518594,0.070396929
499,2,2017,Resakss,Togo,BAS-MONO,BAS-MONO,107636,6421.5,267020.4946,282589,6795.902562,0.059659408,0.063137822
500,2,2017,Resakss,Togo,BASSAR,BASSAR,165850,4461.9185,267020.4946,282589,4722.068576,0.026903337,0.028471924
501,2,2017,Resakss,Togo,BINAH,BINAH,80603,286.92115,267020.4946,282589,303.6499538,0.003559683,0.003767229
502,2,2017,Resakss,Togo,BLITTA,BLITTA,158772,6117.67432,267020.4946,282589,6474.362467,0.038531191,0.040777735
503,2,2017,Resakss,Togo,CINKASSE,CINKASSE,53658,0,267020.4946,282589,0,0,0
504,2,2017,Resakss,Togo,DANKPEN,DANKPEN,124598,5164.59566,267020.4946,282589,5465.715,0.041450069,0.043866796
505,2,2017,Resakss,Togo,DANYI,DANYI,58330,6928.29222,267020.4946,282589,7332.243065,0.118777511,0.125702778
506,2,2017,Resakss,Togo,DOUFELGOU,DOUFELGOU,72720,110.58228,267020.4946,282589,117.0297282,0.001520658,0.00160932
507,2,2017,Resakss,Togo,EST-MONO,EST-MONO,133379,687.7257,267020.4946,282589,727.8232261,0.005156177,0.005456805
508,2,2017,Resakss,Togo,GOLFE,GOLFE,337475,0,267020.4946,282589,0,0,0
509,2,2017,Resakss,Togo,HAHO,HAHO,283950,10335.64,267020.4946,282589,10938.25467,0.036399507,0.038521763
510,2,2017,Resakss,Togo,KERAN,KERAN,115072,2779.3054,267020.4946,282589,2941.351505,0.024152751,0.025560966
511,2,2017,Resakss,Togo,KLOTO,KLOTO,91128,7906.635,267020.4946,282589,8367.627665,0.086764057,0.091822795
512,2,2017,Resakss,Togo,KOZAH,KOZAH,181517,6887,267020.4946,282589,7288.543322,0.03794135,0.040153503
513,2,2017,Resakss,Togo,KPELE,KPELE,84737,1339.95588,267020.4946,282589,1418.081382,0.015813114,0.016735091
514,2,2017,Resakss,Togo,KPENDJAL,KPENDJAL,184224,1374,267020.4946,282589,1454.110429,0.007458312,0.007893165
515,2,2017,Resakss,Togo,LACS,LACS,160869,12189.23218,267020.4946,282589,12899.91968,0.075771169,0.080188972
516,2,2017,Resakss,Togo,LOME COMMUNE,LOME COMMUNE,90263,0,267020.4946,282589,0,0,0
517,2,2017,Resakss,Togo,MOYEN-MONO,MOYEN-MONO,99316,9504.98542,267020.4946,282589,10059.16916,0.095704473,0.101284477
518,2,2017,Resakss,Togo,OGOU,OGOU,189810,16038.26958,267020.4946,282589,16973.37341,0.084496442,0.089422967
519,2,2017,Resakss,Togo,OTI,OTI,207382,908,267020.4946,282589,960.9405164,0.004378393,0.004633674
520,2,2017,Resakss,Togo,S/P MO,S/P MO,42830,18500,267020.4946,282589,19578.63387,0.431940229,0.457124302
521,2,2017,Resakss,Togo,SOTOUBOUA,SOTOUBOUA,122005,5484.10888,267020.4946,282589,5803.85729,0.04494987,0.047570651
522,2,2017,Resakss,Togo,TANDJOARE,TANDJOARE,118778,0,267020.4946,282589,0,0,0
523,2,2017,Resakss,Togo,TCHAMBA,TCHAMBA,158559,2486.23679,267020.4946,282589,2631.195666,0.0156802,0.016594426
524,2,2017,Resakss,Togo,TCHAOUDJO,TCHAOUDJO,165759,10957,267020.4946,282589,11595.84277,0.066101991,0.069956037
525,2,2017,Resakss,Togo,TONE,TONE,256316,419,267020.4946,282589,443.4295995,0.001634701,0.001730011
526,2,2017,Resakss,Togo,VO,VO,215857,30732.5,267020.4946,282589,32524.34407,0.14237435,0.15067542
527,2,2017,Resakss,Togo,WAWA,WAWA,106422,5275.08325,267020.4946,282589,5582.644518,0.049567601,0.052457617
528,2,2017,Resakss,Togo,YOTO,YOTO,183702,32700.5,267020.4946,282589,34607.0874,0.178008405,0.188387102
529,2,2017,Resakss,Togo,ZIO,ZIO,289636,28217.5,267020.4946,282589,29862.70817,0.097424008,0.103104269
530,1,2009,Agro-MAPS,Uganda,UGA001,ADJUMANI,283682,8648,846302,852000,8706.225437,0.030484839,0.030690088
531,1,2009,Agro-MAPS,Uganda,UGA004,BUGIRI,497584,25568,846302,852000,25740.14477,0.051384289,0.05173025
532,1,2009,Agro-MAPS,Uganda,UGA005,BUNDIBUGYO,279333,7784,846302,852000,7836.40828,0.027866382,0.028054001
533,1,2009,Agro-MAPS,Uganda,UGA006,BUSHENYI,1018875,9081,846302,852000,9142.140749,0.008912771,0.00897278
534,1,2009,Agro-MAPS,Uganda,UGA007,BUSIA,246427,15137,846302,852000,15238.91471,0.061425899,0.061839469
535,1,2009,Agro-MAPS,Uganda,UGA009,HOIMA,493506,14552,846302,852000,14649.97601,0.029486977,0.029685507
536,1,2009,Agro-MAPS,Uganda,UGA011,JINJA,390202,5096,846302,852000,5130.310457,0.013059902,0.013147832
537,1,2009,Agro-MAPS,Uganda,UGA012,KABALE,644826,95,846302,852000,95.63961801,0.000147327,0.000148318
538,1,2009,Agro-MAPS,Uganda,UGA014,KALANGALA,44998,1111,846302,852000,1118.480164,0.024689986,0.024856219
539,1,2009,Agro-MAPS,Uganda,UGA015,KAMPALA,176648,184,846302,852000,185.2388391,0.001041619,0.001048633
540,1,2009,Agro-MAPS,Uganda,UGA018,KASESE,702527,15855,846302,852000,15961.74888,0.022568528,0.022720477
541,1,2009,Agro-MAPS,Uganda,UGA020,KIBAALE,596037,13687,846302,852000,13779.15212,0.02296334,0.023117948
542,1,2009,Agro-MAPS,Uganda,UGA021,KIBOGA,334756,8294,846302,852000,8349.842019,0.024776255,0.024943069
543,1,2009,Agro-MAPS,Uganda,UGA022,KISORO,312949,238,846302,852000,239.6024114,0.000760507,0.000765628
544,1,2009,Agro-MAPS,Uganda,UGA028,MASAKA,1084614,7720,846302,852000,7771.977379,0.00711774,0.007165662
545,1,2009,Agro-MAPS,Uganda,UGA033,MOYO,268330,5367,846302,852000,5403.135051,0.020001491,0.020136157
546,1,2009,Agro-MAPS,Uganda,UGA037,NAKASONGOLA,188395,10346,846302,852000,10415.65777,0.054916532,0.055286275
547,1,2009,Agro-MAPS,Uganda,UGA038,NEBBI,602807,45342,846302,852000,45647.27958,0.075218105,0.075724535
548,1,2009,Agro-MAPS,Uganda,UGA039,NTUNGAMO,557691,4117,846302,852000,4144.719025,0.007382224,0.007431927
549,1,2009,Agro-MAPS,Uganda,UGA043,SSEMBABULE,523964,2385,846302,852000,2401.057778,0.004551839,0.004582486
550,1,2009,Agro-MAPS,Uganda,UGA048,KABAROLE,517370,7322,846302,852000,7371.297716,0.014152347,0.014247633
551,1,2009,Agro-MAPS,Uganda,UGA049,KAMWENGE,385800,4879,846302,852000,4911.849434,0.012646449,0.012731595
552,1,2009,Agro-MAPS,Uganda,UGA050,KAYUNGA,384638,14386,846302,852000,14482.85836,0.037401401,0.037653218
553,1,2009,Agro-MAPS,Uganda,UGA051,KITGUM,388570,6747,846302,852000,6792.426344,0.017363667,0.017480573
554,1,2009,Agro-MAPS,Uganda,UGA052,KYENJOJO,551648,17885,846302,852000,18005.41651,0.032421037,0.032639322
555,1,2009,Agro-MAPS,Uganda,UGA053,MAYUGE,405457,10287,846302,852000,10356.26053,0.025371371,0.025542192
556,1,2009,Agro-MAPS,Uganda,UGA055,MPIGI,596557,13080,846302,852000,13168.0653,0.021925818,0.02207344
557,1,2009,Agro-MAPS,Uganda,UGA056,MUKONO,971106,15430,846302,852000,15533.88743,0.0158891,0.015996078
558,1,2009,Agro-MAPS,Uganda,UGA057,PADER,476683,6442,846302,852000,6485.372834,0.013514222,0.013605211
559,1,2009,Agro-MAPS,Uganda,UGA058,SIRONKO,261157,2213,846302,852000,2227.899733,0.00847383,0.008530883
560,1,2009,Agro-MAPS,Uganda,UGA059,WAKISO,820970,11378,846302,852000,11454.60604,0.013859215,0.013952527
561,1,2009,Agro-MAPS,Uganda,UGA060,YUMBE,370719,19773,846302,852000,19906.12807,0.053336894,0.053696002
562,1,2009,Agro-MAPS,Uganda,UGA061,KABERAMAIDO,189442,10982,846302,852000,11055.93984,0.057970249,0.058360553
563,1,2009,Agro-MAPS,Uganda,UGA062,KANUNGU,304422,1523,846302,852000,1533.254087,0.005002924,0.005036607
564,1,2009,Agro-MAPS,Uganda,UGA063,MOROTO,282059,0,846302,852000,0,0.001246017,0.001254406
565,1,2009,Agro-MAPS,Uganda,UGA064,NAKAPIRIPIRIT,230334,287,846302,852000,288.9323197,0.001246017,0.001254406
566,1,2009,Agro-MAPS,Uganda,UGA065,RUKUNGIRI,409092,1472,846302,852000,1481.910713,0.003598213,0.003622439
567,1,2009,Agro-MAPS,Uganda,UGA066,SOROTI,294434,30951,846302,852000,31159.38755,0.105120333,0.105828089
568,1,2009,Agro-MAPS,Uganda,UGA067,AMOLATAR,142612,7865,846302,852000,7917.953638,0.055149637,0.055520949
569,1,2009,Agro-MAPS,Uganda,UGA068,AMURIA,257837,15641,846302,852000,15746.30806,0.060662356,0.061070785
570,1,2009,Agro-MAPS,Uganda,UGA070,BUKWO,63755,50,846302,852000,50.33664106,0.000784252,0.000789532
571,1,2009,Agro-MAPS,Uganda,UGA071,BUTALEJA,190676,11368,846302,852000,11444.53871,0.059619459,0.060020866
572,1,2009,Agro-MAPS,Uganda,UGA072,IBANDA,280113,2360,846302,852000,2375.889458,0.008425171,0.008481896
573,1,2009,Agro-MAPS,Uganda,UGA073,ISINGIRO,466840,1392,846302,852000,1401.372087,0.00298175,0.003001825
574,1,2009,Agro-MAPS,Uganda,UGA074,KAABONG,348403,700,846302,852000,704.7129748,0.002009168,0.002022695
575,1,2009,Agro-MAPS,Uganda,UGA075,KALIRO,200396,10070,846302,852000,10137.79951,0.050250504,0.050588832
576,1,2009,Agro-MAPS,Uganda,UGA076,KAMULI,740640,41136,846302,852000,41412.96133,0.055541154,0.055915102
577,1,2009,Agro-MAPS,Uganda,UGA077,KAPCHORWA,170386,413,846302,852000,415.7806551,0.002423908,0.002440228
578,1,2009,Agro-MAPS,Uganda,UGA078,KATAKWI,176063,12051,846302,852000,12132.13723,0.06844709,0.068907932
579,1,2009,Agro-MAPS,Uganda,UGA079,KIRUHURA,314595,1375,846302,852000,1384.257629,0.004370699,0.004400126
580,1,2009,Agro-MAPS,Uganda,UGA080,KOBOKO,159340,6930,846302,852000,6976.658451,0.043491904,0.043784727
581,1,2009,Agro-MAPS,Uganda,UGA083,LUWERO,451382,11638,846302,852000,11716.35657,0.02578304,0.025956632
582,1,2009,Agro-MAPS,Uganda,UGA084,MANAFWA,347827,2956,846302,852000,2975.902219,0.008498478,0.008555696
583,1,2009,Agro-MAPS,Uganda,UGA086,MBARARA,477409,1032,846302,852000,1038.948271,0.002161669,0.002176223
584,1,2009,Agro-MAPS,Uganda,UGA087,MITYANA,244040,10104,846302,852000,10172.02842,0.041403049,0.041681808
585,1,2009,Agro-MAPS,Uganda,UGA088,MUBENDE,730531,12603,846302,852000,12687.85374,0.017251835,0.017367988
586,1,2009,Agro-MAPS,Uganda,UGA089,NAKASEKE,203521,4696,846302,852000,4727.617328,0.023073786,0.023229138
587,1,2009,Agro-MAPS,Uganda,UGA090,TORORO,481186,27294,846302,852000,27477.76562,0.056722349,0.05710425
588,1,2009,Agro-MAPS,Uganda,UGA091,ABIM,50206,163,846302,852000,164.0974498,0.003246624,0.003268483
589,1,2009,Agro-MAPS,Uganda,UGA092,AMURU,201021,7992,846302,852000,8045.808707,0.03975704,0.040024717
590,1,2009,Agro-MAPS,Uganda,UGA093,APAC,617602,42836,846302,852000,43124.40713,0.069358584,0.069825563
591,1,2009,Agro-MAPS,Uganda,UGA094,ARUA,1005647,28326,846302,852000,28516.71389,0.028166941,0.028356584
592,1,2009,Agro-MAPS,Uganda,UGA095,BUDAKA,142603,11849,846302,852000,11928.7772,0.083090819,0.083650254
593,1,2009,Agro-MAPS,Uganda,UGA096,BUDUDA,309769,1135,846302,852000,1142.641752,0.003664021,0.00368869
594,1,2009,Agro-MAPS,Uganda,UGA097,BUKEDEA,174349,9441,846302,852000,9504.564564,0.054150009,0.054514592
595,1,2009,Agro-MAPS,Uganda,UGA098,BULIISA,206974,5596,846302,852000,5633.676867,0.027037212,0.027219249
596,1,2009,Agro-MAPS,Uganda,UGA099,DOKOLO,178324,8918,846302,852000,8978.043299,0.050010094,0.050346803
597,1,2009,Agro-MAPS,Uganda,UGA100,GULU,358839,10964,846302,852000,11037.81865,0.030554093,0.030759808
598,1,2009,Agro-MAPS,Uganda,UGA101,IGANGA,634757,14350,846302,852000,14446.61598,0.022607076,0.022759286
599,1,2009,Agro-MAPS,Uganda,UGA102,KOTIDO,145912,0,846302,852000,0,0.002009168,0.002022695
600,1,2009,Agro-MAPS,Uganda,UGA103,KUMI,385710,18082,846302,852000,18203.74287,0.04687978,0.047195413
601,1,2009,Agro-MAPS,Uganda,UGA104,LIRA,686331,17417,846302,852000,17534.26555,0.025376968,0.025547827
602,1,2009,Agro-MAPS,Uganda,UGA105,LYANTONDE,98084,1037,846302,852000,1043.981936,0.01057257,0.010643754
603,1,2009,Agro-MAPS,Uganda,UGA106,MASINDI,457236,21082,846302,852000,21223.94134,0.046107481,0.046417914
604,1,2009,Agro-MAPS,Uganda,UGA107,MBALE,191491,4710,846302,852000,4741.711588,0.024596456,0.02476206
605,1,2009,Agro-MAPS,Uganda,UGA108,NAMUTUMBA,223880,12869,846302,852000,12955.64468,0.057481687,0.057868701
606,1,2009,Agro-MAPS,Uganda,UGA110,OYAM,400285,20083,846302,852000,20218.21525,0.050171753,0.05050955
607,1,2009,Agro-MAPS,Uganda,UGA111,PALLISA,503317,48738,846302,852000,49066.14424,0.096833606,0.097485569
608,1,2009,Agro-MAPS,Uganda,UGA112,RAKAI,593996,3396,846302,852000,3418.864661,0.00571721,0.005755703
609,1,2008,IITA,United Republic of Tanzania,TZA001,Arusha,3171654,17605,951212,800454,14814.77596,0.005550732,0.004670994
610,1,2008,IITA,United Republic of Tanzania,TZA002,Dar-Es-Salaam,710485,16835,951212,800454,14166.81359,0.023695082,0.019939638
611,1,2008,IITA,United Republic of Tanzania,TZA003,Dodoma,2140405,73270,951212,800454,61657.40611,0.034231839,0.02880642
612,1,2008,IITA,United Republic of Tanzania,TZA004,Iringa,1675354,1107,951212,800454,931.5510927,0.000660756,0.000556032
613,1,2008,IITA,United Republic of Tanzania,TZA005,Kagera,2995687,130971,951212,800454,110213.3497,0.043719855,0.036790676
614,1,2008,IITA,United Republic of Tanzania,TZA006,NA,233955,NA,951212,800454,NA,NA,NA
615,1,2008,IITA,United Republic of Tanzania,TZA007,NA,181769,NA,951212,800454,NA,NA,NA
616,1,2008,IITA,United Republic of Tanzania,TZA008,Kigoma,2211405,56094,951212,800454,47203.63775,0.025365774,0.021345542
617,1,2008,IITA,United Republic of Tanzania,TZA009,Kilimanjaro,1511759,4412,951212,800454,3712.740218,0.002918455,0.002455907
618,1,2008,IITA,United Republic of Tanzania,TZA010,NA,118045,NA,951212,800454,NA,NA,NA
619,1,2008,IITA,United Republic of Tanzania,TZA011,NA,179547,NA,951212,800454,NA,NA,NA
620,1,2008,IITA,United Republic of Tanzania,TZA012,L. Victoria,353029,81400,951212,800454,68498.8789,0.230575958,0.194031875
621,1,2008,IITA,United Republic of Tanzania,TZA013,Lindi,952456,9730,951212,800454,8187.888105,0.010215695,0.008596605
622,1,2008,IITA,United Republic of Tanzania,TZA014,Mara,1645410,54229,951212,800454,45634.22241,0.032957743,0.027734256
623,1,2008,IITA,United Republic of Tanzania,TZA015,Mbeya,2551493,11360,951212,800454,9559.548702,0.004452295,0.003746649
624,1,2008,IITA,United Republic of Tanzania,TZA016,NA,183999,NA,951212,800454,NA,NA,NA
625,1,2008,IITA,United Republic of Tanzania,TZA017,Morogoro,2203607,46949,951212,800454,39508.03275,0.021305523,0.017928802
626,1,2008,IITA,United Republic of Tanzania,TZA018,Mtwara,1335987,222227,951212,800454,187006.147,0.166339193,0.139976023
627,1,2008,IITA,United Republic of Tanzania,TZA019,Mwanza,3607939,66675,951212,800454,56107.6505,0.01848008,0.015551164
628,1,2008,IITA,United Republic of Tanzania,TZA020,NA,1346121,NA,951212,800454,NA,0.014243165,0.01198576
629,1,2008,IITA,United Republic of Tanzania,TZA021,Rukwa,1589774,9449,951212,800454,7951.423916,0.005943612,0.005001606
630,1,2008,IITA,United Republic of Tanzania,TZA022,Ruvuma,1463762,24927,951212,800454,20976.30902,0.017029408,0.01433041
631,1,2008,IITA,United Republic of Tanzania,TZA023,Shinyanga,3754982,33669,951212,800454,28332.78567,0.008966488,0.007545385
632,1,2008,IITA,United Republic of Tanzania,TZA024,Singida,1505225,48982,951212,800454,41218.8217,0.032541314,0.027383827
633,1,2008,IITA,United Republic of Tanzania,TZA025,Tabora,2302257,37820,951212,800454,31825.89189,0.016427358,0.013823779
634,1,2008,IITA,United Republic of Tanzania,TZA026,Tanga,1993327,3501,951212,800454,2946.125001,0.00175636,0.001477994
635,1,2007,IITA,Zambia,ZMB001,Central,1381374,9553,208060,157694,7240.463241,0.006915578,0.005241494
636,1,2007,IITA,Zambia,ZMB002,Copperbelt,1060321,2335,208060,157694,1769.756272,0.002202163,0.001669076
637,1,2007,IITA,Zambia,ZMB003,Eastern,1790461,3609,208060,157694,2735.353485,0.002015682,0.001527737
638,1,2007,IITA,Zambia,ZMB005,Luapula,1031015,53356,208060,157694,40439.87823,0.051750944,0.039223366
639,1,2007,IITA,Zambia,ZMB006,Lusaka,773255,NA,208060,157694,NA,0.001007841,0.000763868
640,1,2007,IITA,Zambia,ZMB007,North Western,755626,31844,208060,157694,24135.38275,0.042142541,0.031940911
641,1,2007,IITA,Zambia,ZMB008,Northern,1963342,83288,208060,157694,63126.10724,0.042421544,0.032152374
642,1,2007,IITA,Zambia,ZMB009,Southern,1696332,0,208060,157694,0,0.001007841,0.000763868
643,1,2007,IITA,Zambia,ZMB010,Western,968872,24075,208060,157694,18247.05878,0.024848484,0.018833302
644,0,2014,FAO,Zimbabwe,ZIM001,Zimbabwe,11653423,50528,50528,50528,50528,0.004335893,0.004335893
